"clade_name","clade_taxid","TS8S","TS8","TS7S","TS7","TS5S","TS5","TS55S","TS55","TS54S","TS54","TS53S","TS53","TS52S","TS52","TS51S","TS51","TS50S","TS50","TS4S","TS4","TS42S","TS42","TS41S","TS41","TS40S","TS40","TS3S","TS3","TS38S","TS38","TS35S","TS35","TS32S","TS32","TS31S","TS31","TS30S","TS30","TS29S","TS29","TS28S","TS28","TS27S","TS27","TS26S","TS26","TS24S","TS24","TS22S","TS22","TS20S","TS20","TS18S","TS18","TS17S","TS17","TS16S","TS16","TS14S","TS14","TS13S","TS13","TS12S","TS12","TS11S","TS11"
"s__Methanobrevibacter_smithii","2157|28890|183925|2158|2159|2172|2173",0,0,0,0,0,0,0,0,0,0,0,0,0,0,1017,732,0,0,0,0,0,0,0,0,0,0,0,0,0,0,0,0,0,0,0,0,0,0,52327,0,0,0,0,0,3724,5262,0,0,0,0,0,0,0,0,57775,0,0,0,0,2553,0,0,0,0,0,0
"s__Actinobaculum_sp_oral_taxon_183","2|201174|1760|2037|2049|76833|712888",0,0,0,0,0,0,0,0,0,0,0,0,0,0,0,0,1704,0,0,0,0,0,0,0,0,0,0,0,0,0,245,0,0,0,0,0,0,0,0,0,0,0,0,0,0,0,0,0,0,0,0,0,0,0,0,0,0,0,871,0,0,0,0,0,0,0
"s__Actinomyces_johnsonii","2|201174|1760|2037|2049|1654|544581",0,0,0,0,0,0,0,0,0,0,0,0,0,0,0,0,1341,0,0,0,0,0,0,0,0,0,0,0,0,0,0,0,0,0,0,0,0,0,0,0,0,0,0,0,0,0,0,0,0,0,0,0,0,0,0,0,0,0,0,0,0,0,0,0,0,0
"s__Actinomyces_naeslundii","2|201174|1760|2037|2049|1654|1655",0,0,0,0,0,0,0,0,0,0,0,0,0,0,0,0,4919,0,0,0,0,0,0,0,365,0,0,0,0,0,0,0,0,0,0,0,0,0,0,0,0,0,0,0,0,0,0,0,0,0,0,0,0,0,0,0,0,0,0,0,0,0,0,0,0,0
"s__Actinomyces_odontolyticus","2|201174|1760|2037|2049|1654|1660",0,0,0,0,0,0,0,0,0,0,0,0,0,0,0,0,510,0,0,0,0,0,0,0,0,0,0,65,0,0,0,0,0,0,0,0,0,345,0,0,0,0,0,0,0,0,0,0,0,0,0,0,0,0,0,0,0,0,0,0,0,0,0,0,0,0
"s__Actinomyces_oris","2|201174|1760|2037|2049|1654|544580",0,0,0,0,0,0,0,0,0,0,0,0,0,0,0,0,0,0,0,0,0,0,0,0,0,0,0,0,0,0,0,0,0,0,0,0,0,0,0,0,0,0,0,0,0,0,0,0,0,0,0,0,0,0,0,0,0,0,0,0,0,0,646,0,0,0
"s__Actinomyces_sp_HMSC035G02","2|201174|1760|2037|2049|1654|1739406",0,0,0,0,0,0,0,0,0,0,0,0,0,0,0,0,1887,0,0,0,0,0,0,0,0,0,0,0,0,0,0,0,0,0,0,0,0,0,0,0,0,0,0,0,0,0,0,0,0,0,0,0,0,0,0,0,0,0,0,0,0,0,0,0,0,0
"s__Actinomyces_sp_HPA0247","2|201174|1760|2037|2049|1654|1203556",0,0,0,0,0,0,0,0,0,0,0,0,0,0,0,0,0,0,0,0,0,0,0,0,0,0,0,0,0,0,0,0,0,0,0,0,0,0,0,0,0,0,0,0,0,0,526,0,0,0,0,0,0,0,0,0,0,0,0,0,0,0,0,0,0,0
"s__Actinomyces_sp_ICM47","2|201174|1760|2037|2049|1654|936548",0,0,0,0,0,0,0,0,0,0,0,0,0,0,0,0,49,0,0,0,0,0,0,0,0,0,0,0,0,0,0,0,0,0,0,0,0,0,0,0,0,0,0,0,0,0,0,0,0,0,0,0,0,0,0,0,0,0,0,0,0,0,0,0,0,0
"s__Actinomyces_sp_oral_taxon_448","2|201174|1760|2037|2049|1654|712124",0,0,0,0,0,0,0,0,0,0,0,0,0,0,0,0,0,0,0,0,0,0,0,0,0,0,0,0,0,0,0,0,0,0,0,0,0,0,0,0,0,0,0,0,0,0,0,0,0,0,0,0,0,0,0,0,0,0,0,0,0,0,2511,0,0,0
"s__Actinomyces_turicensis","2|201174|1760|2037|2049|1654|131111",0,0,0,0,0,0,0,0,0,0,0,0,0,0,510,0,0,1606,0,0,0,0,0,0,0,0,0,145,0,0,6488,0,0,0,0,0,0,0,0,0,0,173,0,0,0,0,529,0,0,0,0,0,0,0,0,0,0,0,0,0,0,0,0,0,0,0
"s__Varibaculum_cambriense","2|201174|1760|2037|2049|184869|184870",0,0,0,0,0,0,0,0,0,0,0,0,0,0,0,0,0,623,0,0,0,0,0,0,0,0,0,0,0,0,0,0,0,0,0,0,0,0,0,0,0,0,0,0,0,0,0,0,0,0,0,0,0,0,0,0,0,0,0,0,0,0,0,0,0,0
"s__Bifidobacterium_adolescentis","2|201174|1760|85004|31953|1678|1680",18020,302513,106645,23050,769012,695777,251633,2530,370355,95140,186485,677,121516,228,456302,392315,1105612,524,71490,836,1632,1655,33253,29681,1166,65826,641325,23071,1196,2752,75481,207674,7844,58106,238205,66829,95501,338101,341462,6442,807281,31499,151114,139586,354507,1124147,39874,71022,1250,777,10261,39188,163035,239571,243774,147940,555,1244,1392663,127956,229006,141918,1262,20421,46215,1277
"s__Bifidobacterium_angulatum","2|201174|1760|85004|31953|1678|1683",0,0,0,0,0,0,0,0,0,0,0,0,0,0,0,0,0,0,0,0,0,0,35304,0,0,0,0,0,0,0,0,0,0,0,0,0,0,0,0,0,0,0,0,0,0,0,0,0,0,0,0,0,0,0,0,0,0,0,0,0,0,0,0,0,0,0
"s__Bifidobacterium_animalis","2|201174|1760|85004|31953|1678|28025",0,0,0,0,0,0,0,0,39158,0,0,0,0,0,0,0,0,69311,0,0,0,52468,0,0,0,0,4924,0,0,0,0,0,16448,434,0,0,0,0,0,0,0,0,0,0,764,0,0,0,0,65228,0,0,0,0,0,3525,0,0,0,0,90326,142185,0,0,123,0
"s__Bifidobacterium_bifidum","2|201174|1760|85004|31953|1678|1681",0,0,59,0,164868,177841,248,217,394,102522,516,466,45588,0,264115,325856,0,0,0,0,25,80,0,54081,0,0,0,0,0,243,113229,0,0,0,0,0,0,42065,0,0,0,27873,0,0,80,316429,54171,0,0,0,0,0,58763,86835,281,0,85813,0,142704,65511,139344,34056,253635,0,0,0
"s__Bifidobacterium_breve","2|201174|1760|85004|31953|1678|1685",0,0,0,0,0,0,0,0,0,0,0,0,0,0,0,0,0,0,0,0,0,0,0,0,0,158,0,0,0,0,0,0,0,0,0,0,0,0,0,0,0,0,0,0,0,0,0,0,0,0,0,0,0,0,0,0,0,0,0,0,0,0,0,0,0,0
"s__Bifidobacterium_catenulatum","2|201174|1760|85004|31953|1678|1686",0,0,0,0,0,0,19674,0,639,0,7039,0,0,0,2733,0,709836,0,0,0,0,0,0,0,0,0,178931,0,0,0,345,0,0,4008,0,0,0,0,142110,2962,473,0,0,0,244,0,6658,0,0,0,0,0,12682,0,0,0,0,0,0,0,21821,26748,0,12009,0,0
"s__Bifidobacterium_dentium","2|201174|1760|85004|31953|1678|1689",0,0,0,0,0,0,0,0,0,0,0,0,0,0,889,0,0,0,0,0,0,0,0,0,0,0,399,0,0,0,0,0,0,0,0,0,0,0,0,0,0,0,0,0,0,0,0,0,0,0,0,0,0,0,0,0,0,0,0,0,0,0,0,0,0,0
"s__Bifidobacterium_longum","2|201174|1760|85004|31953|1678|216816",138194,133386,62311,9591,280486,204058,63771,577186,2931,39460,44014,637,50651,9955,42603,140444,1478273,95208,34158,356048,245802,310062,80789,47502,207561,637383,160837,134492,343,155439,115408,200166,4139,10072,16445,14580,19069,267996,289341,47172,199037,12353,48263,11690,30310,165588,109064,164980,181494,221,55853,27273,101235,127388,153143,41044,90258,368,118604,17425,190649,254675,633430,95717,1035,84636
"s__Bifidobacterium_pseudocatenulatum","2|201174|1760|85004|31953|1678|28026",0,39474,0,3737,161,0,197,126,802,4144,0,66716,0,2277,0,31324,69003,89095,0,0,44,488,8932,168499,132811,649775,83928,146513,0,203,18321,313158,85,848,3462,52423,0,497,1801,104,113696,54246,6274,0,74719,0,11362,81,72747,0,22799,81163,3285,103192,0,0,193307,0,41892,16820,1042,597,0,0,124,44
"s__Corynebacterium_argentoratense","2|201174|1760|85007|1653|1716|42817",0,0,0,0,0,0,0,0,0,0,0,0,0,0,0,0,0,0,0,0,0,0,0,0,0,0,0,0,0,0,0,0,0,3043,0,0,0,0,0,0,0,0,0,0,0,0,0,0,0,0,0,0,0,0,0,0,353,0,0,0,0,0,0,0,0,0
"s__Corynebacterium_durum","2|201174|1760|85007|1653|1716|61592",0,0,0,0,0,0,0,0,0,0,0,0,0,0,0,0,0,0,0,0,0,0,0,0,0,0,0,0,0,0,139,0,0,0,0,0,0,0,0,0,0,0,0,0,0,0,0,0,0,0,0,0,0,0,0,0,0,0,0,0,0,0,0,0,0,0
"s__Lawsonella_clevelandensis","2|201174|1760|85007||1847725|1528099",0,0,0,0,0,0,0,0,0,0,0,0,0,0,0,0,0,43,0,0,0,0,0,0,0,0,0,0,0,0,0,0,0,0,0,0,0,0,0,0,0,0,0,0,0,0,3684,0,0,0,0,0,0,0,0,0,0,0,0,83,0,0,0,0,0,0
"s__Rothia_mucilaginosa","2|201174|1760|85006|1268|32207|43675",0,0,0,0,0,0,0,0,0,0,0,0,0,0,0,0,0,0,0,0,396,0,0,0,0,0,0,0,190,677,0,0,0,0,0,0,0,0,0,0,0,0,237,0,0,0,0,0,0,0,0,0,0,0,0,0,0,0,0,0,0,0,0,0,0,0
"s__Atopobium_minutum","2|201174|84998|84999|1643824|1380|1381",0,0,0,0,0,0,0,0,0,0,0,0,0,0,0,0,0,0,0,0,0,0,0,0,0,0,0,0,0,0,0,0,0,0,0,0,0,0,0,0,0,0,0,0,0,0,0,0,0,0,0,0,0,0,0,0,0,0,0,0,0,0,764,0,0,0
"s__Collinsella_aerofaciens","2|201174|84998|84999|84107|102106|74426",28361,166392,453,17022,115598,245219,179611,439,109878,107404,186207,56119,0,0,232803,164203,380989,72985,5268,0,76,635,43532,37540,0,313,268320,149687,0,319,511,56897,3881,32659,17938,1164,97,152,1180,985,339512,106154,14627,38852,316,107,60841,151664,0,452,29795,12176,71378,45056,195314,94041,41603,91,214563,75224,100494,187667,154,97785,116645,323
"s__Collinsella_intestinalis","2|201174|84998|84999|84107|102106|147207",0,0,0,0,0,0,0,0,0,0,0,0,0,0,0,0,0,0,0,0,0,0,0,0,7141,0,0,0,0,0,0,0,0,0,0,0,6502,0,131,10420,0,0,0,0,0,21843,0,0,0,0,0,0,0,0,0,0,0,0,0,0,0,0,0,0,0,46783
"s__Collinsella_stercoris","2|201174|84998|84999|84107|102106|147206",0,320,0,0,0,449,255,0,309,273,432,41,2508,0,440,454,800,0,0,0,0,0,0,0,0,0,599,338,0,0,0,0,0,0,0,0,47,5421,430,464,620,390,0,0,0,14254,0,92,0,0,0,0,0,0,865,485,0,0,177,532,0,0,0,0,0,189
"s__Adlercreutzia_equolifaciens","2|201174|84998|1643822|1643826|447020|446660",5099,36872,17302,26,3948,15546,3463,0,6938,1674,2399,6138,1690,5661,5588,6216,853,26020,0,0,0,0,9176,6472,10278,0,19446,10459,0,34221,6048,5606,1339,5325,4397,1567,6730,7200,4045,2918,14420,18673,2387,2873,25600,8976,7512,9714,27273,11799,31901,6573,2474,5137,10143,1176,2603,0,11684,4142,6195,11274,12429,4758,17024,4951
"s__Asaccharobacter_celatus","2|201174|84998|1643822|1643826|553372|394340",3969,43259,35633,871,5066,37829,3403,0,6856,1567,2702,2487,4337,13192,6420,6656,128,21414,600,0,0,0,18227,5534,22576,0,19508,11888,0,41196,8757,6689,3691,14807,4211,1895,5083,5542,12885,10910,30613,16278,7340,7798,23934,5594,13942,14044,25908,8360,31843,5878,3522,4597,18445,4629,7433,0,17537,7726,10871,9907,9507,3746,38120,6325
"s__Eggerthella_lenta","2|201174|84998|1643822|1643826|84111|84112",0,2313,25964,0,0,2907,29278,57516,1875,0,44638,1958,0,0,0,0,0,17308,0,10170,59294,70916,0,0,19779,41357,4098,1096,45849,15924,71741,29975,0,2302,150,9156,1889,150,3408,18030,14480,24616,511,0,19027,233,1963,1447,11188,40042,9356,234,0,4896,849,323,2633,29210,11978,2152,1394,655,67272,22121,9187,15195
"s__Enterorhabdus_caecimuris","2|201174|84998|1643822|1643826|580024|671266",0,173,0,0,0,50,0,0,0,0,0,0,0,0,0,0,0,48,0,0,0,0,0,0,0,0,76,0,0,143,0,0,0,0,0,0,0,0,0,0,50,191,0,0,256,0,0,0,252,0,282,0,0,0,26,0,0,0,0,0,0,24,0,0,50,0
"s__Gordonibacter_pamelaeae","2|201174|84998|1643822|1643826|644652|471189",845,180,5540,0,2243,14847,5530,7646,1716,2859,7024,2521,0,180,274,394,91,789,0,148,23526,22903,0,0,13949,6223,13275,6325,11028,3555,42564,10719,0,6188,0,1366,1091,3509,1652,14403,4909,5963,1252,5962,5462,2227,6118,3156,3482,8277,49291,8885,378,4988,14371,1166,4285,1330,1849,0,2869,11908,13098,2178,3698,2346
"s__Slackia_isoflavoniconvertens","2|201174|84998|1643822|1643826|84108|572010",0,0,0,0,0,0,0,0,0,0,0,0,0,0,8553,16247,0,0,0,0,0,0,0,0,0,0,0,0,0,0,0,0,0,0,0,0,0,0,0,0,0,0,0,0,0,0,0,0,0,0,0,0,0,0,0,0,0,0,0,0,0,7961,0,0,0,0
"s__Bacteroides_caccae","2|976|200643|171549|815|816|47678",19985,20191,0,3730,0,0,8114,0,30006,59474,2669,0,0,0,9927,5939,2884,149657,0,374,5488,33290,11043,6903,120795,0,10299,5445,444,0,0,21621,49013,13803,101507,86493,0,0,0,0,0,82209,9699,9356,57426,9441,135085,168869,29073,12736,88251,4112,0,136327,18089,304069,210111,11734,0,56437,0,24589,78302,53,0,0
"s__Bacteroides_cellulosilyticus","2|976|200643|171549|815|816|246787",0,0,1507,0,0,0,0,0,0,0,0,4280,0,0,0,5000,0,0,0,0,55030,10296,0,0,0,0,8859,3759,0,0,0,0,54101,31643,22284,16777,0,0,4298,0,0,0,0,684,120011,27800,0,131238,0,0,0,0,0,0,10314,40503,42846,0,0,0,0,0,0,0,101407,0
"s__Bacteroides_clarus","2|976|200643|171549|815|816|626929",0,0,0,0,0,0,0,93119,0,0,0,0,0,0,0,0,0,0,0,3420,0,0,0,0,0,0,0,0,0,0,0,0,0,0,0,0,0,0,0,0,0,0,0,0,0,0,0,0,0,0,0,0,0,0,0,0,0,0,0,0,0,0,38427,0,0,0
"s__Bacteroides_coprocola","2|976|200643|171549|815|816|310298",0,0,0,0,0,0,0,0,0,0,0,0,0,0,0,0,0,0,0,0,0,0,0,0,0,0,953,4072,0,0,0,0,0,0,0,0,0,0,0,0,0,0,0,0,0,0,0,0,0,0,0,0,0,0,0,0,0,0,0,0,0,0,0,0,0,0
"s__Bacteroides_dorei","2|976|200643|171549|815|816|357276",15744,15347,12346,0,0,0,8500,127377,440,0,2361,10426,0,0,103,1096,0,0,0,14260,0,0,5791,789,0,115,7093,29766,379937,162403,122,0,0,0,33483,0,26675,33962,239053,65383,0,0,0,4737,0,0,0,0,225376,79871,516458,21927,0,0,0,0,0,0,0,0,54207,103732,0,0,256593,208967
"s__Bacteroides_eggerthii","2|976|200643|171549|815|816|28111",0,0,0,0,0,0,0,0,0,0,0,0,0,0,0,0,0,0,0,0,170790,207468,65329,115396,0,0,0,0,0,0,0,0,0,0,167,0,0,0,0,0,0,0,0,1924,0,0,0,0,0,0,0,0,0,0,0,0,0,0,0,0,0,0,0,0,91473,165695
"s__Bacteroides_faecis","2|976|200643|171549|815|816|674529",0,0,0,0,0,0,0,0,0,30836,0,0,0,0,0,0,0,0,0,0,0,0,0,0,0,0,4548,8112,0,0,0,0,26920,15931,0,0,0,0,79795,382122,0,0,0,0,0,0,0,0,0,0,0,0,0,0,0,71183,5502,39814,0,0,2535,11113,0,0,26922,53750
"s__Bacteroides_faecis_CAG_32","2|976|200643|171549|815|816|1263044",0,0,0,0,0,0,0,0,0,304,0,0,0,0,0,0,0,0,0,0,0,0,0,0,0,0,0,0,0,0,0,0,0,0,0,0,0,0,0,0,0,0,0,0,0,0,0,0,0,0,0,0,0,0,0,640,0,316,0,0,0,0,0,0,189,0
"s__Bacteroides_finegoldii","2|976|200643|171549|815|816|338188",0,0,0,0,0,0,12265,0,0,0,3986,0,0,0,0,0,0,0,0,0,0,0,24266,0,0,0,0,0,0,0,0,0,0,0,0,0,0,0,0,0,0,0,0,0,0,0,0,0,0,0,0,0,0,0,0,0,0,0,0,0,0,0,0,0,0,0
"s__Bacteroides_fragilis","2|976|200643|171549|815|816|817",0,0,52,0,15546,37815,1739991,82531,5953,27576,1827122,26556,0,0,0,0,0,34983,6333,7710,1028,2380,0,0,103576,176230,3862,0,1077,75219,424,0,3637,40830,46285,124649,70557,5090,39563,236,1117,37563,4659,0,43121,0,15641,3188,64912,27631,99,14834,0,72871,8766,428665,15177,9206,36454,0,9573,0,0,0,1961,3131
"s__Bacteroides_galacturonicus","2|976|200643|171549|815|816|384639",0,0,0,0,0,0,450,0,2776,901,154,0,0,0,0,560,0,0,0,0,0,0,0,0,0,0,0,0,0,0,0,0,0,0,0,0,0,0,0,0,0,0,0,0,0,0,0,0,0,0,0,0,0,0,0,0,0,0,0,0,0,0,0,0,0,0
"s__Bacteroides_intestinalis","2|976|200643|171549|815|816|329854",0,0,0,11582,0,0,0,0,0,0,0,0,0,0,0,0,0,0,0,0,0,0,17136,9259,0,0,0,0,0,0,0,0,0,0,0,0,78486,13775,168214,0,0,0,0,0,0,0,0,0,0,0,0,0,0,0,0,0,0,47774,0,0,0,1414,0,0,0,0
"s__Bacteroides_massiliensis","2|976|200643|171549|815|816|204516",10428,15253,0,0,0,0,5237,0,0,0,2672,0,0,0,1968,0,0,0,0,0,0,8501,9419,1257,0,0,0,0,0,0,0,0,0,0,0,0,0,0,0,30378,0,0,0,0,0,0,0,0,0,0,0,0,0,0,0,0,0,0,0,0,0,0,0,0,0,0
"s__Bacteroides_ovatus","2|976|200643|171549|815|816|28116",46244,28109,3161,2214,9926,2486,206131,21831,638,0,255097,7158,28462,91860,5516,2711,1291,202684,17652,0,8852,5946,2959,2255,1624,1132,10435,4837,385765,991908,48154,110734,35140,12926,0,0,138379,23841,6204,241,2149,60554,0,780,88381,13121,16832,128901,70090,3962,53595,37453,0,82628,0,1920,4635,23428,112867,42906,7796,6942,27281,391,0,1203
"s__Bacteroides_plebeius","2|976|200643|171549|815|816|310297",0,0,0,0,0,0,0,0,0,0,0,0,0,0,0,0,0,0,0,0,0,0,0,0,0,0,0,0,0,0,0,77275,0,0,89234,0,0,0,0,0,0,0,5217,0,0,0,0,0,0,0,0,0,0,0,0,0,0,0,0,137297,0,0,0,0,0,0
"s__Bacteroides_salyersiae","2|976|200643|171549|815|816|291644",0,0,0,0,0,0,0,0,0,0,0,0,0,0,0,0,0,0,0,0,0,0,0,0,0,0,0,0,0,0,0,0,0,0,0,0,0,0,0,0,0,0,0,352,0,0,0,0,0,0,0,0,0,0,761,32775,0,0,0,0,0,0,0,0,0,0
"s__Bacteroides_sp_CAG_462","2|976|200643|171549|815|816|1262740",0,46492,0,0,0,0,0,0,0,0,0,0,0,0,0,0,0,0,0,0,0,0,0,0,0,0,0,0,0,0,0,109386,0,0,0,0,0,0,0,0,0,0,0,0,0,0,0,0,0,0,0,0,0,0,0,0,0,0,0,0,0,0,0,0,0,0
"s__Bacteroides_stercoris","2|976|200643|171549|815|816|46506",54288,80828,0,0,17007,24483,222477,0,95592,267708,178510,0,0,0,0,0,0,0,0,0,0,320,45928,0,0,0,0,4929,0,0,0,0,0,0,0,0,0,0,0,18145,847,205013,0,0,0,0,0,0,677607,0,0,0,0,0,0,0,0,0,192,45240,0,0,0,4874,108509,9955
"s__Bacteroides_thetaiotaomicron","2|976|200643|171549|815|816|818",5215,5507,9857,0,3542,2165,91300,0,0,0,81375,5583,158,0,0,0,0,48168,18043,0,11447,0,2503,582,19203,83102,0,0,0,0,115344,36206,0,0,21946,36374,0,0,0,0,0,94246,745,0,38018,0,0,44283,0,0,78697,7460,0,0,0,0,0,0,5259,18875,0,221,0,0,0,1572
"s__Bacteroides_uniformis","2|976|200643|171549|815|816|820",75577,79533,33843,9313,144835,73067,208635,5660,112833,326900,199522,39002,16600,74863,47730,10055,1031,507990,54224,1790,175988,59669,92985,66369,192644,574021,155141,210061,630356,297191,123907,152052,951057,178640,388610,83633,165092,30665,291141,141681,2263,126857,12573,10782,353761,30908,67536,365055,324592,92582,268087,270,8221,48824,17895,325249,180593,149194,204373,23047,155485,135744,98077,7664,95891,385841
"s__Bacteroides_vulgatus","2|976|200643|171549|815|816|821",84210,59663,2460,5683,42428,15081,127131,419708,125720,374120,62771,268194,60291,64982,58393,14760,4387,164025,132790,26786,89431,37520,187784,31747,24887,2048,11038,12156,3488,902179,442996,85411,239612,123855,254222,348153,325108,1122,5341,258838,2145,241930,23950,12482,240242,55484,16521,388928,1519,1166,0,26191,8222,233085,67242,496914,65208,55723,203717,212395,1025,1465,32590,2615,2053,1299
"s__Bacteroides_xylanisolvens","2|976|200643|171549|815|816|371601",6719,671,887,0,1555,0,254715,73283,44920,60526,336601,24397,0,0,178,0,0,0,89747,8333,0,341,451,0,0,0,0,863,3977,1041,193285,74565,3569,443,5633,7424,0,0,721,206023,0,25471,0,541,0,0,0,0,230,0,0,0,529,0,6644,565468,43235,91951,25026,0,721,181,0,0,13734,22876
"s__Barnesiella_intestinihominis","2|976|200643|171549|2005519|397864|487174",84069,6885,5655,4740,0,50071,0,0,0,0,0,0,0,7975,18893,19366,0,0,0,0,0,0,84334,32259,0,0,0,0,0,0,1960,33769,72313,37926,144583,7292,0,0,55389,61073,0,0,2137,806,0,0,0,0,0,0,237614,89876,0,27165,10570,0,4508,0,0,118357,18208,19196,0,0,0,0
"s__Coprobacter_fastidiosus","2|976|200643|171549|2005519|1348911|1099853",0,0,0,0,0,0,0,0,0,0,0,0,0,0,0,0,0,0,0,0,0,0,1143,0,0,0,0,0,0,0,0,0,0,0,933,0,0,0,0,0,0,0,0,0,0,0,0,0,0,0,0,0,0,0,0,0,0,0,0,0,0,351,0,0,0,0
"s__Coprobacter_sp","2|976|200643|171549|2005519|1348911|1941478",0,0,0,0,1630,0,0,0,0,0,0,0,0,3171,0,0,0,0,0,0,380,2565,0,0,7717,0,7628,5232,0,1233,0,0,0,0,0,0,6178,3729,0,0,0,7350,0,0,681,2257,21849,13485,2028,0,0,0,0,0,0,0,0,0,12406,0,0,0,0,0,0,0
"s__Butyricimonas_synergistica","2|976|200643|171549|1853231|574697|544644",0,0,0,0,0,0,0,0,0,0,0,0,0,0,0,0,0,0,0,0,0,0,0,0,0,0,0,0,0,0,0,0,0,0,1071,0,0,0,1362,0,0,0,0,0,0,0,0,0,0,0,0,0,0,0,0,0,0,0,0,719,0,0,0,0,0,0
"s__Butyricimonas_virosa","2|976|200643|171549|1853231|574697|544645",0,0,0,0,0,0,0,0,0,0,0,0,0,0,0,0,0,0,0,0,0,0,0,0,0,0,0,0,0,0,0,0,0,0,3054,0,0,0,128,28608,0,0,0,0,7222,0,0,0,0,0,0,0,0,0,0,0,0,0,0,18306,0,0,0,0,0,0
"s__Odoribacter_laneus","2|976|200643|171549|1853231|283168|626933",0,0,0,0,0,0,0,0,0,0,0,0,0,0,0,0,0,0,0,0,0,0,0,0,0,0,0,0,0,0,0,0,0,0,0,0,0,0,3472,0,0,0,0,0,0,0,0,0,0,0,0,0,0,0,0,0,0,0,0,0,0,0,0,0,0,0
"s__Odoribacter_splanchnicus","2|976|200643|171549|1853231|283168|28118",19997,873,0,0,4654,0,37568,0,4207,110306,31935,5915,0,0,11420,6015,0,33789,2774,0,0,0,36044,11555,0,0,4014,10757,0,16764,3610,11347,48603,4971,61322,0,0,0,22683,51640,0,0,0,3982,33404,4611,0,0,0,0,38512,11177,0,5526,2887,25233,6994,0,0,39270,5080,8432,0,0,32285,14823
"s__Porphyromonas_asaccharolytica","2|976|200643|171549|171551|836|28123",0,0,0,0,0,0,0,0,0,0,0,0,0,0,0,0,0,0,0,0,0,0,0,0,0,0,0,0,0,0,0,0,0,0,0,0,0,0,0,0,0,0,0,0,0,0,0,0,0,0,52,0,0,0,0,0,0,0,0,0,0,0,0,0,0,0
"s__Porphyromonas_sp_HMSC065F10","2|976|200643|171549|171551|836|1739394",0,0,0,0,0,0,0,0,0,0,0,0,0,0,0,0,0,0,0,0,0,0,0,0,731,0,0,0,0,0,0,0,0,0,0,0,0,0,0,0,0,0,0,0,0,0,0,0,0,0,0,0,0,0,0,0,0,0,0,0,0,0,0,0,0,0
"s__Paraprevotella_clara","2|976|200643|171549|171552|577309|454154",0,0,0,0,0,0,0,0,0,0,0,0,0,0,300,2909,0,0,0,0,0,0,0,0,0,0,0,0,0,0,0,0,0,0,0,0,0,0,0,0,0,0,0,0,0,0,0,0,0,0,0,0,0,0,0,694,0,0,0,0,0,0,0,0,0,0
"s__Paraprevotella_xylaniphila","2|976|200643|171549|171552|577309|454155",0,0,0,0,0,0,0,0,0,0,0,0,0,0,1759,6671,0,0,0,0,0,0,0,0,0,0,0,0,0,0,0,0,0,0,0,0,0,0,0,0,0,0,0,0,0,0,0,0,0,0,0,0,0,0,0,7238,0,0,0,0,0,0,0,0,0,2232
"s__Prevotella_buccalis","2|976|200643|171549|171552|838|28127",0,0,0,0,0,0,0,0,0,0,0,0,0,0,0,0,0,5392,0,0,0,0,0,0,0,0,0,0,0,0,0,0,0,0,0,0,0,0,0,0,0,0,0,0,0,0,0,0,0,0,0,0,0,0,0,0,0,0,0,0,0,0,0,0,0,0
"s__Prevotella_copri","2|976|200643|171549|171552|838|165179",0,0,0,0,0,0,408864,0,0,0,161902,0,0,0,154091,276135,4295,0,0,0,0,0,0,0,0,0,0,0,0,0,0,0,0,0,0,0,0,0,0,0,0,0,15002,9317,0,0,0,0,0,0,0,0,0,0,0,0,0,0,0,374566,0,11614,0,0,0,0
"s__Prevotella_sp_AM42_24","2|976|200643|171549|171552|838|2293125",0,0,0,0,0,0,0,0,0,0,0,0,0,0,0,0,0,0,0,0,0,0,0,0,0,0,0,0,0,0,0,0,0,0,0,0,0,0,0,0,0,0,0,1948,0,0,0,0,0,0,0,0,0,0,0,0,0,0,0,0,0,0,0,0,0,0
"s__Prevotella_sp_CAG_1031","2|976|200643|171549|171552|838|1262917",0,0,0,0,0,0,0,0,0,0,0,0,0,0,0,0,0,0,0,0,0,0,0,0,0,0,0,0,0,0,0,0,0,0,39557,0,0,0,0,0,0,0,0,0,0,0,0,0,0,0,0,0,0,0,0,0,0,0,0,0,0,0,0,3615,0,0
"s__Prevotella_sp_CAG_279","2|976|200643|171549|171552|838|1262924",0,0,0,0,0,0,0,0,0,0,0,0,0,0,0,0,0,0,0,0,0,0,0,0,0,0,0,0,0,0,0,0,0,0,0,0,0,0,0,0,0,0,0,1252,0,0,0,0,0,0,0,0,0,0,0,0,0,0,0,0,0,0,0,0,0,0
"s__Alistipes_finegoldii","2|976|200643|171549|171550|239759|214856",26799,0,2363,687,9228,9454,4872,76267,16597,87040,2678,0,0,0,0,0,222,182,0,13632,1628,18764,744,17750,33245,0,48029,16480,0,11948,9025,142799,6373,4320,8549,1559,205,21139,83694,5643,80,94217,2708,6723,26138,31498,927,0,7294,8060,16937,14244,0,0,3508,0,100864,0,463,205,33521,23880,2353,0,0,0
"s__Alistipes_indistinctus","2|976|200643|171549|171550|239759|626932",11125,0,0,0,0,0,0,0,0,438,0,0,0,0,29308,33648,0,0,0,0,5305,2771,0,0,0,0,3945,0,0,0,3000,0,0,0,0,0,0,0,0,0,0,0,0,0,0,114,0,0,0,0,0,0,0,0,746,157,0,0,0,36052,0,0,0,0,0,0
"s__Alistipes_inops","2|976|200643|171549|171550|239759|1501391",0,0,0,0,0,0,0,0,0,0,0,0,0,0,0,0,0,0,0,0,0,0,0,0,0,0,0,16395,0,0,0,0,0,0,0,0,0,0,0,0,0,0,0,0,4342,0,0,0,0,0,0,0,0,36455,0,0,0,0,0,0,0,0,0,0,0,0
"s__Alistipes_onderdonkii","2|976|200643|171549|171550|239759|328813",0,0,0,0,0,0,0,0,0,0,0,0,0,0,0,0,0,0,0,0,0,0,0,0,0,0,0,2441,0,0,0,0,0,0,0,0,0,3219,0,0,0,0,0,0,0,0,0,0,0,0,0,0,0,0,0,0,0,0,0,0,0,0,0,0,0,0
"s__Alistipes_putredinis","2|976|200643|171549|171550|239759|28117",224253,35132,26621,5318,52143,39953,1338,901,49818,200609,729,43429,12748,0,211659,88028,55,0,0,722,104306,644,270068,77973,36732,299,130544,110596,83872,128699,7402,119816,88587,41770,120510,0,157717,28769,124284,325747,847,53,18276,54245,158219,140826,40061,123409,199946,19130,127442,116337,740,152,32245,163635,12074,0,331,241736,161784,215326,37038,8027,0,98566
"s__Alistipes_shahii","2|976|200643|171549|171550|239759|328814",12818,160,0,0,1971,232,0,0,0,9903,0,7073,0,0,27047,23949,0,0,0,0,8351,0,7324,4393,0,0,13170,2249,0,0,1972,9694,27699,13434,59939,15088,0,0,40691,5760,0,0,1552,0,6497,9892,6124,13432,5057,385,25581,20939,0,0,2395,6908,0,0,0,43196,0,12100,5666,0,29088,8671
"s__Parabacteroides_distasonis","2|976|200643|171549|2005525|375288|823",16399,24187,3975,1197,9162,1371,1354,199387,2829,230614,514,4483,2605,0,36035,8885,467,0,0,36055,0,487,18873,4481,3357,34000,4226,3204,0,103822,20026,56246,90356,5525,0,0,46487,3237,32158,78225,0,34256,0,0,45240,3441,19768,174369,0,0,14179,4383,0,0,2334,48917,41579,3133,0,28725,5009,6845,0,242,27118,8893
"s__Parabacteroides_goldsteinii","2|976|200643|171549|2005525|375288|328812",0,0,0,0,0,0,0,0,0,2959,0,0,0,0,0,0,0,0,0,0,0,0,2487,934,0,0,0,0,0,0,7018,0,0,0,0,0,13983,240,0,0,0,0,0,0,0,0,0,0,0,0,512605,2254,0,0,0,0,0,0,0,0,0,0,0,0,0,0
"s__Parabacteroides_johnsonii","2|976|200643|171549|2005525|375288|387661",0,0,0,0,0,0,0,0,0,0,0,0,0,0,0,0,0,0,0,0,0,0,0,0,0,0,0,0,0,0,0,0,0,0,0,0,0,0,0,0,0,0,0,0,0,0,0,0,0,0,23824,0,0,0,0,0,0,0,0,0,0,0,0,0,0,0
"s__Parabacteroides_merdae","2|976|200643|171549|2005525|375288|46503",0,0,0,3889,0,52256,13096,0,19416,9541,5346,0,7015,5324,7601,5370,12830,0,0,0,0,0,31518,11977,71408,219419,5210,7652,0,134830,82249,32102,35664,13876,0,0,42359,2236,147528,0,0,0,0,4387,70943,22041,28649,0,56133,10774,0,0,6783,53264,6772,66289,69247,30821,0,44396,11273,23919,0,0,67419,48794
"s__Parabacteroides_sp_CAG_409","2|976|200643|171549|2005525|375288|1262913",0,0,0,0,0,0,0,0,0,0,0,0,0,0,0,0,0,0,0,0,0,0,0,0,0,0,0,0,0,0,0,0,0,0,0,0,0,0,0,0,0,0,0,1889,0,0,0,0,0,0,0,0,0,0,0,0,0,0,0,0,0,0,0,0,0,0
"s__Arthrospira_platensis","2|1117||1150|1892252|35823|118562",0,0,0,0,0,0,0,0,0,0,0,0,0,0,0,0,0,0,0,0,0,0,0,0,0,0,0,0,2411,11389,0,0,0,0,0,0,0,0,0,0,0,0,0,0,0,0,0,0,0,0,0,0,0,0,0,0,0,0,0,0,0,0,0,0,0,0
"s__Bacillus_intestinalis","2|1239|91061|1385|186817|1386|1963032",0,0,0,0,0,0,0,0,0,0,0,0,0,0,0,0,0,0,0,0,0,0,0,0,0,0,0,0,0,0,0,0,0,0,0,0,0,0,0,0,0,0,0,0,0,0,0,0,0,0,0,0,0,0,0,0,417,0,0,0,0,0,0,0,0,0
"s__Gemella_sanguinis","2|1239|91061|1385||1378|84135",0,0,0,0,0,0,287,0,0,0,0,0,0,0,0,0,0,0,0,0,0,0,0,0,0,0,0,0,0,0,808,0,0,0,0,0,0,0,0,0,0,0,0,0,0,0,0,0,0,0,0,0,0,0,0,0,0,0,0,0,0,0,0,0,0,0
"s__Listeria_monocytogenes","2|1239|91061|1385|186820|1637|1639",0,0,0,0,0,0,0,0,0,0,0,0,0,0,0,0,0,0,0,0,0,0,0,0,0,0,0,0,0,0,0,0,0,0,0,0,0,0,0,0,0,0,0,0,0,0,0,0,0,0,0,0,0,0,0,0,0,0,0,0,0,0,0,0,0,0
"s__Staphylococcus_argenteus","2|1239|91061|1385|90964|1279|985002",0,0,0,0,0,0,0,0,0,0,0,0,0,0,0,0,0,0,0,0,0,0,0,0,0,0,0,0,0,0,0,0,0,0,0,0,0,0,0,0,0,0,0,0,0,0,0,0,0,0,0,0,0,0,0,0,0,0,0,0,0,0,0,0,0,0
"s__Staphylococcus_aureus","2|1239|91061|1385|90964|1279|1280",0,0,0,0,0,0,0,0,0,0,0,0,0,0,0,0,0,0,0,0,0,0,0,0,0,0,0,0,0,0,0,0,0,0,0,0,0,0,0,0,0,0,0,0,0,0,0,0,0,0,0,0,0,0,0,0,0,0,0,0,0,0,0,0,0,0
"s__Enterococcus_faecalis","2|1239|91061|186826|81852|1350|1351",0,0,0,0,0,0,0,0,0,0,0,0,0,0,0,0,0,0,0,0,0,0,0,0,0,0,0,0,0,0,0,0,0,38,0,0,0,0,0,0,0,0,0,0,0,0,0,0,0,0,0,0,0,0,0,0,0,0,0,0,0,0,0,0,9973,0
"s__Lactobacillus_acidophilus","2|1239|91061|186826|33958|1578|1579",0,0,0,0,0,0,0,0,0,0,0,0,0,0,0,0,0,0,0,0,0,0,0,0,0,0,0,0,0,0,0,0,0,0,0,0,0,0,0,0,0,0,0,0,0,0,0,0,0,0,0,0,0,0,0,3146,0,0,0,0,0,0,0,0,0,0
"s__Lactobacillus_fermentum","2|1239|91061|186826|33958|1578|1613",0,0,0,0,0,0,0,0,0,0,0,0,0,0,0,0,0,0,0,0,0,0,0,0,0,0,0,0,0,0,0,0,0,0,0,0,0,0,0,0,0,0,0,0,0,0,0,0,0,0,0,0,0,0,0,0,231,0,0,0,0,0,0,0,0,0
"s__Lactobacillus_rhamnosus","2|1239|91061|186826|33958|1578|47715",0,0,0,0,0,0,0,0,0,0,0,0,0,0,0,0,0,0,0,0,0,0,0,0,0,0,0,0,0,0,0,0,0,0,0,0,0,117,0,0,0,0,0,0,0,0,0,0,0,0,0,0,0,0,0,0,0,0,0,0,0,0,0,0,0,0
"s__Lactobacillus_rogosae","2|1239|91061|186826|33958|1578|706562",0,0,0,0,0,0,760,0,433,0,1218,0,0,0,0,0,0,0,0,292,0,0,1172,0,0,0,0,108,0,0,0,0,0,0,0,0,1235,0,0,0,0,591,0,0,0,0,0,0,0,0,0,0,0,234,0,589,0,0,1237,0,0,0,0,0,0,0
"s__Lactococcus_lactis","2|1239|91061|186826|1300|1357|1358",0,0,0,0,0,0,0,9272,2133,0,0,0,0,0,0,0,0,0,0,5394,0,0,0,0,0,0,0,0,0,0,0,0,0,0,0,0,0,0,0,0,0,44940,0,0,0,0,0,0,0,0,0,0,0,0,0,0,0,0,270,0,0,0,0,0,0,0
"s__Streptococcus_anginosus_group","2|1239|91061|186826|1300|1301|671232",0,0,0,0,0,0,0,0,0,0,0,0,0,0,0,0,0,0,0,0,0,0,0,0,0,0,0,0,0,0,4210,0,0,0,0,0,0,0,0,0,0,700,0,0,0,0,0,0,0,0,0,0,0,0,0,0,0,0,0,0,0,0,0,0,0,0
"s__Streptococcus_australis","2|1239|91061|186826|1300|1301|113107",0,0,0,0,0,0,132,0,0,0,0,0,0,0,0,0,0,0,0,0,0,0,0,0,0,0,0,90,0,0,0,0,0,0,0,0,0,0,0,0,0,0,0,0,0,0,0,0,0,0,0,0,0,0,0,0,0,0,0,0,0,0,0,0,0,0
"s__Streptococcus_gordonii","2|1239|91061|186826|1300|1301|1302",0,80,0,0,0,0,2292,0,0,0,1289,0,0,0,0,0,0,0,0,0,0,0,0,0,0,0,0,0,0,0,0,0,0,0,0,0,0,0,0,0,0,0,0,0,0,0,0,0,0,0,0,0,0,0,0,0,0,0,0,0,0,0,0,0,0,0
"s__Streptococcus_lutetiensis","2|1239|91061|186826|1300|1301|150055",0,0,0,0,0,0,0,0,0,0,0,0,0,0,0,0,0,0,0,0,0,0,0,0,0,0,0,0,0,0,0,0,0,0,0,0,0,0,0,0,0,0,0,0,0,0,0,0,0,0,0,0,0,0,5242,0,0,0,0,0,0,0,0,0,0,0
"s__Streptococcus_mutans","2|1239|91061|186826|1300|1301|1309",0,0,0,0,0,0,0,0,0,0,0,0,0,0,0,0,0,0,0,0,0,2858,0,0,0,0,0,0,0,0,0,0,0,1299,0,0,0,0,0,0,0,0,0,0,0,0,0,0,0,0,0,0,0,0,0,0,0,0,0,0,0,0,0,0,0,0
"s__Streptococcus_oralis","2|1239|91061|186826|1300|1301|1303",0,0,0,0,0,0,0,0,0,0,0,0,0,0,0,0,0,332,0,0,0,0,0,0,0,0,0,0,0,0,0,0,0,0,0,0,0,0,0,0,0,0,0,0,0,0,0,0,0,0,0,0,0,0,0,0,0,0,0,0,0,0,0,0,0,0
"s__Streptococcus_parasanguinis","2|1239|91061|186826|1300|1301|1318",0,0,1904,0,0,0,3385,0,2944,0,2685,605,0,0,0,0,0,100,0,0,184,0,0,0,0,0,1316,1213,2027,230,571,0,0,433,0,0,248,0,0,0,0,0,0,0,2365,0,0,0,0,0,0,0,35,0,0,284,0,0,0,0,36,739,0,0,704,256
"s__Streptococcus_salivarius","2|1239|91061|186826|1300|1301|1304",0,601,1653,0,188,994,35941,1094,7888,0,28710,2773,784,328,470,2191,0,867,0,363,7176,605,649,1492,0,0,546,3901,10011,5900,5513,0,1948,32997,0,0,9519,17231,34,0,0,869,0,0,1988,0,0,739,333,151,0,0,12472,4717,5206,3043,727,1695,1014,377,1182,7258,1152,764,317,639
"s__Streptococcus_salivarius_CAG_79","2|1239|91061|186826|1300|1301|1263109",0,0,0,0,0,0,0,0,0,0,0,0,0,0,0,0,0,0,0,0,0,0,169,0,0,0,0,0,0,0,0,0,0,0,0,0,0,0,0,0,0,0,0,0,0,0,0,0,0,0,0,0,0,0,0,0,0,0,0,0,0,0,0,0,0,0
"s__Streptococcus_sanguinis","2|1239|91061|186826|1300|1301|1305",0,0,0,0,0,0,401,0,368,0,0,0,0,0,0,0,0,0,0,0,0,0,0,0,0,0,0,0,0,0,0,0,0,0,0,0,0,0,0,0,0,0,0,0,401,0,0,0,0,0,0,0,0,0,0,0,0,0,0,0,0,0,0,0,0,0
"s__Streptococcus_sp_A12","2|1239|91061|186826|1300|1301|1759399",0,0,0,0,0,0,670,704,0,0,246,0,0,0,0,0,0,0,0,0,0,0,0,0,0,0,0,295,0,0,0,0,0,0,0,0,0,0,0,0,0,0,0,0,0,0,0,0,0,0,0,0,707,0,0,0,0,0,0,0,0,0,0,217,0,0
"s__Streptococcus_sp_F0442","2|1239|91061|186826|1300|1301|999425",0,0,0,0,0,0,0,0,0,0,0,0,0,0,0,0,0,0,0,0,0,0,0,0,0,0,0,0,0,109,0,0,0,0,0,0,0,0,0,0,0,0,0,0,0,0,0,0,0,0,0,0,0,0,0,0,0,0,0,0,0,0,0,0,0,0
"s__Streptococcus_thermophilus","2|1239|91061|186826|1300|1301|1308",3362,0,9705,547,0,0,680,9113,10365,164,0,0,0,0,0,0,0,0,0,11039,147,0,0,0,0,3223,0,0,0,0,1440,0,0,2826,0,0,0,7178,9608,45185,85888,44416,0,0,429,0,0,0,229,1829,0,0,0,0,0,5677,1050,0,9029,0,0,0,0,1734,0,0
"s__Streptococcus_vestibularis","2|1239|91061|186826|1300|1301|1343",0,0,0,0,0,0,0,0,0,0,511,0,0,0,0,0,0,0,0,0,0,0,0,0,0,0,0,0,0,0,0,0,0,505,0,0,0,0,0,0,0,0,0,0,0,0,0,0,0,0,0,0,0,0,0,0,0,0,0,0,0,0,0,0,0,0
"s__Catabacter_hongkongensis","2|1239|186801|186802|424536|270497|270498",0,0,0,0,0,0,0,0,0,0,0,0,0,0,0,0,0,0,0,0,0,0,0,0,0,0,0,0,0,0,2340,0,0,0,0,0,0,0,0,0,0,0,0,0,0,0,0,0,0,479,264,162,0,0,538,0,32,94,0,0,0,0,0,0,0,0
"s__Christensenella_minuta","2|1239|186801|186802|990719|990721|626937",0,0,0,0,0,0,0,0,0,0,0,0,0,0,0,0,0,0,0,0,0,3682,379,64,0,0,387,65,0,0,0,2332,0,23631,0,0,0,0,0,0,0,0,0,0,0,502,0,0,0,0,0,0,0,0,0,0,0,0,0,0,0,250,0,1444,0,0
"s__Butyribacterium_methylotrophicum","2|1239|186801|186802|31979|1485|1487",0,0,0,0,0,0,0,0,0,0,0,0,0,0,0,0,0,0,0,0,0,0,0,0,0,0,0,0,0,0,0,0,0,0,0,0,0,0,44,0,0,0,0,0,0,0,0,0,0,0,0,0,0,0,0,0,0,0,0,0,0,0,0,0,0,0
"s__Clostridium_bolteae_CAG_59","2|1239|186801|186802|31979|1485|1263064",0,0,0,0,0,0,0,3222,0,0,0,0,0,0,0,0,0,0,0,0,0,0,0,0,0,0,0,0,0,0,271,0,0,0,0,0,0,0,0,0,0,10595,0,0,0,0,0,0,0,0,0,0,0,0,0,0,0,1704,0,0,0,0,0,0,0,0
"s__Clostridium_disporicum","2|1239|186801|186802|31979|1485|84024",0,0,0,0,0,0,6391,0,0,0,2339,0,0,0,0,0,0,0,0,0,0,0,0,0,8483,0,0,0,0,0,35511,2974,0,21840,0,0,0,36614,6180,0,0,0,0,0,0,0,34166,7554,0,0,2522,468,40549,0,2740,1764,0,0,1318,45,1265,0,0,0,0,0
"s__Clostridium_paraputrificum","2|1239|186801|186802|31979|1485|29363",0,0,0,0,0,0,0,0,0,0,0,0,0,0,0,0,0,0,0,0,0,0,0,0,0,0,0,0,0,0,0,0,0,0,0,0,0,0,0,0,0,0,0,0,0,0,0,942,0,0,0,0,0,0,0,0,0,0,0,0,0,0,0,0,0,0
"s__Clostridium_perfringens","2|1239|186801|186802|31979|1485|1502",0,0,0,0,0,0,0,0,0,0,0,0,0,0,0,0,0,0,0,0,0,0,0,0,0,0,0,0,0,0,0,0,0,0,0,0,0,0,0,0,0,0,0,0,0,0,0,1128,0,0,0,0,0,0,0,0,0,0,0,0,0,0,0,0,0,0
"s__Clostridium_sp_CAG_167","2|1239|186801|186802|31979|1485|1262777",686,31,0,0,0,0,0,0,0,0,0,0,0,0,0,0,0,0,0,0,0,0,1613,3278,0,0,0,591,0,7034,0,0,0,10214,0,0,4782,6089,0,0,0,0,0,0,11074,0,29,6953,0,0,0,0,5760,0,0,0,0,0,0,0,164,0,0,0,0,1268
"s__Clostridium_sp_CAG_242","2|1239|186801|186802|31979|1485|1262783",0,0,0,0,0,0,0,0,0,0,0,0,0,0,0,0,0,0,0,0,0,15808,0,0,0,0,0,0,0,0,0,0,0,0,0,0,0,0,924,0,0,0,0,0,0,0,0,9302,0,0,0,0,0,187,0,0,0,0,0,0,0,0,0,0,0,0
"s__Clostridium_sp_CAG_253","2|1239|186801|186802|31979|1485|1262785",0,0,0,0,0,0,2773,0,0,0,665,0,0,0,0,0,0,0,0,0,0,0,0,0,0,0,0,0,0,20257,0,0,0,0,0,0,0,0,0,0,0,0,0,0,0,0,0,0,0,782,0,0,758,605,0,0,0,0,0,0,0,0,0,0,0,0
"s__Clostridium_sp_CAG_299","2|1239|186801|186802|31979|1485|1262792",0,1520,0,0,0,0,0,0,0,0,0,0,0,0,0,0,0,0,0,0,0,0,0,0,0,0,0,0,0,0,0,0,0,0,0,0,0,0,0,0,0,0,0,0,0,0,0,0,0,0,0,0,0,588,0,9106,0,304,3122,0,0,0,0,0,6306,730
"s__Clostridium_sp_CAG_58","2|1239|186801|186802|31979|1485|1262824",0,0,3558,0,0,3611,15922,0,0,6157,16013,1999,0,96,2227,0,9999,0,0,6476,0,6934,0,560,3582,0,2704,2034,2775,6025,710,9827,0,5972,0,0,1404,842,0,2856,1275,9267,0,0,7146,4508,239,9082,1994,7255,586,0,0,0,2137,1235,0,238,2233,376,483,96,0,994,0,0
"s__Clostridium_sp_CAG_964","2|1239|186801|186802|31979|1485|1262848",1163,0,0,0,524,0,0,0,0,0,0,0,0,0,0,0,0,0,0,0,0,0,0,0,0,0,0,0,0,0,0,0,0,0,0,0,0,0,0,0,0,0,0,0,0,0,0,0,0,0,0,0,0,0,72147,0,0,0,0,0,0,0,0,0,0,0
"s__Clostridium_sp_D5","2|1239|186801|186802|31979|1485|556261",0,0,0,0,0,0,0,2445,0,0,0,0,0,0,0,0,0,0,0,0,0,0,0,0,0,0,0,0,0,0,637,685,0,0,0,0,0,0,0,0,0,0,0,0,0,0,0,0,0,0,0,0,0,0,0,0,6412,0,0,0,0,0,0,0,0,0
"s__Clostridium_ventriculi","2|1239|186801|186802|31979|1485|1267",0,0,0,0,0,0,0,0,0,0,0,0,0,0,0,0,0,0,0,0,0,0,1183,0,0,0,0,0,0,0,8187,0,0,0,0,0,0,0,0,0,0,0,0,0,0,0,0,0,0,0,0,0,0,0,0,0,0,0,0,0,69578,0,0,0,0,0
"s__Hungatella_hathewayi","2|1239|186801|186802|31979|1649459|154046",0,0,1922,0,0,25522,0,10927,0,0,391,0,0,0,0,0,0,517,0,0,0,0,0,0,38715,3754,0,0,0,0,42868,0,0,0,563,1237,0,0,6606,0,261,2883,0,2740,0,0,0,509,0,2234,340083,0,0,16228,0,0,0,0,0,0,0,0,33949,2223,0,0
"s__Eubacterium_brachy","2|1239|186801|186802|543314||35517",0,0,0,0,0,0,0,0,0,0,0,0,0,0,0,0,0,0,0,0,0,0,0,0,0,0,0,0,0,0,0,0,0,0,0,0,0,0,0,0,0,0,0,0,0,0,0,0,0,0,0,0,0,0,0,0,0,0,0,0,1092,0,0,0,0,0
"s__Mogibacterium_diversum","2|1239|186801|186802|543314|86331|114527",0,0,0,0,0,0,0,0,0,0,0,0,0,0,0,0,0,0,0,0,0,0,0,0,0,0,0,0,0,0,32,0,0,0,0,0,0,0,0,0,0,0,0,0,0,0,0,0,0,0,0,0,0,0,0,0,0,0,0,0,0,0,0,0,0,0
"s__Clostridiales_bacterium_1_7_47FAA","2|1239|186801|186802|||457421",0,0,0,0,0,0,0,8391,0,0,0,0,0,0,0,0,0,0,0,0,0,0,0,0,0,0,0,0,0,0,0,0,0,0,0,0,0,0,0,0,0,0,0,0,0,0,0,0,0,0,0,0,0,0,0,0,0,0,0,0,0,0,0,0,0,0
"s__Intestinimonas_butyriciproducens","2|1239|186801|186802||1392389|1297617",0,0,0,0,0,0,0,0,0,0,0,0,0,767,0,0,0,0,0,0,0,3625,0,0,0,0,0,0,2627,0,2184,0,0,0,0,0,0,0,0,963,0,32775,0,0,0,0,0,0,1395,0,0,0,0,0,0,0,0,1575,0,812,0,0,187,0,0,1696
"s__Lawsonibacter_asaccharolyticus","2|1239|186801|186802||2172004|2108523",0,0,0,0,0,1425,0,0,0,469,0,0,0,0,0,805,0,1316,0,0,0,0,0,0,0,0,0,0,864,240,5869,0,0,0,0,0,0,0,80,0,0,3171,0,0,1078,0,0,0,2840,0,0,0,0,0,0,0,0,901,0,0,0,0,0,0,234,0
"s__Monoglobus_pectinilyticus","2|1239|186801|186802||2039302|1981510",0,1536,8832,0,2702,4895,0,0,42,503,0,907,0,2436,0,0,0,0,0,0,89656,504591,3041,8743,0,0,25531,10264,284,2840,58837,26086,939,26802,0,2426,6760,12946,16233,21323,546,11289,0,163,12910,25203,24123,16889,0,880,13247,10749,0,0,0,0,10189,46427,20773,0,2140,0,0,0,22701,38654
"s__Anaerofustis_stercorihominis","2|1239|186801|186802|186806|264995|214853",0,0,0,0,0,0,0,0,0,0,0,0,0,0,0,0,0,0,0,0,0,0,0,0,0,0,0,0,0,0,13280,0,0,1398,0,0,0,0,0,0,0,0,0,0,0,0,0,0,0,0,121,0,0,0,0,0,0,0,0,0,0,0,0,982,0,0
"s__Eubacterium_callanderi","2|1239|186801|186802|186806|1730|53442",0,0,0,0,0,0,0,0,0,0,0,0,0,0,0,0,0,0,0,0,0,0,0,0,0,0,0,0,0,0,15721,0,0,0,0,0,0,0,0,0,0,0,0,0,0,0,0,0,0,0,0,0,0,0,0,0,0,0,0,0,0,0,0,0,0,0
"s__Eubacterium_dolichum_CAG_375","2|1239|186801|186802|186806|1730|1263076",0,0,0,0,0,0,0,0,0,0,0,0,0,0,0,0,0,0,0,0,0,0,0,0,0,0,0,0,0,0,0,0,0,0,0,0,0,0,0,0,0,0,0,0,0,0,0,0,0,0,0,0,0,0,0,0,0,0,0,0,0,0,0,1978,0,0
"s__Eubacterium_eligens","2|1239|186801|186802|186806|1730|39485",7137,0,0,0,0,0,7751,0,9564,0,2371,1489,0,0,100,2549,0,0,12403,0,4628,0,25756,1991,0,32,0,0,37574,5734,0,0,13323,540,4451,322,8019,2318,0,35,0,51910,0,0,2010,0,0,3725,9790,33,420,1529,0,4336,1438,1463,0,65,5968,0,0,0,0,0,2755,0
"s__Eubacterium_hallii","2|1239|186801|186802|186806|1730|39488",38009,211417,145934,42677,29321,121569,366171,30916,78399,86355,242007,44239,16352,35141,20544,17040,23581,95358,28954,82902,101344,230829,58539,123232,145018,98455,83051,95221,34271,85746,12989,188394,44878,431428,21817,21945,23920,144976,53117,70961,211957,175517,4064,11195,40823,47199,24126,148149,33402,25498,234410,55167,12894,414695,80278,121650,60540,46053,404552,58569,126526,57069,101698,159011,136031,75796
"s__Eubacterium_ramulus","2|1239|186801|186802|186806|1730|39490",920,24830,3401,0,547,0,65240,0,23735,10475,39011,13862,0,0,2201,4646,2548,729,0,0,0,0,3322,1648,1597,0,1022,37463,8506,12100,0,18376,836,2188,0,0,1209,12581,0,11618,4993,6060,0,0,10471,4251,3776,4387,7920,2834,0,2519,12188,2017,790,40274,0,0,431,88,4515,11034,0,0,14504,22631
"s__Eubacterium_sp_CAG_180","2|1239|186801|186802|186806|1730|1262882",0,0,8081,7267,0,46488,0,0,0,0,0,0,0,0,0,0,0,0,0,0,0,0,29123,0,20571,0,0,0,0,0,0,0,0,0,0,0,5923,50330,0,0,0,78139,0,0,0,15347,0,0,13948,0,0,0,0,0,0,0,0,0,0,938,41739,23581,31140,0,0,0
"s__Eubacterium_sp_CAG_251","2|1239|186801|186802|186806|1730|1262886",0,0,0,0,1614,4727,0,0,40756,0,0,0,938,0,0,0,0,0,0,0,0,0,0,0,0,0,0,0,0,0,0,0,0,0,0,0,2240,0,0,0,0,0,0,0,0,0,14684,0,0,0,0,0,0,24401,0,0,0,0,0,0,0,0,0,0,0,0
"s__Eubacterium_sp_CAG_274","2|1239|186801|186802|186806|1730|1262888",0,0,0,0,103,6826,6952,45266,716,5914,4358,763,0,35,0,0,0,0,0,8780,0,0,2902,980,0,0,0,0,0,0,0,0,0,0,0,0,0,0,0,0,0,0,0,0,6734,0,0,0,0,0,0,0,0,0,0,872,0,0,0,0,3409,803,0,15311,0,0
"s__Eubacterium_sp_CAG_38","2|1239|186801|186802|186806|1730|1262889",3035,0,0,0,2972,0,6221,0,0,398,5086,776,2641,513,2385,0,0,0,0,0,9471,1320,2090,0,0,0,0,0,0,0,0,0,2470,0,1370,0,2443,0,0,0,0,0,0,0,0,121,0,455,1520,0,321,162,320,0,0,3952,0,0,0,0,0,0,0,0,0,0
"s__Eubacterium_sp_OM08_24","2|1239|186801|186802|186806|1730|2292352",0,0,0,0,0,0,0,0,0,0,0,0,0,0,0,0,0,0,0,0,0,0,0,0,0,0,0,0,0,0,0,0,0,0,0,0,0,0,0,0,0,36,0,0,0,0,0,0,0,0,0,0,0,0,0,0,0,0,0,0,0,0,0,0,0,0
"s__Eubacterium_ventriosum","2|1239|186801|186802|186806|1730|39496",1740,10166,0,0,1240,7420,99902,0,0,0,85694,328,0,2375,480,1386,1176,0,8256,0,9863,0,47814,23612,0,0,0,0,7601,10287,5114,0,0,0,0,0,4180,0,0,10939,4431,7623,0,0,0,0,0,0,0,0,258,0,0,0,37,9216,0,3960,41138,0,15943,12553,0,2810,5941,19341
"s__Anaerostipes_caccae","2|1239|186801|186802|186803|207244|105841",0,0,0,0,0,0,0,2334,0,0,0,0,0,0,0,0,0,0,0,0,0,2774,0,0,0,0,0,0,0,0,59,0,0,0,0,0,0,0,0,0,0,0,0,0,0,0,0,0,0,0,0,0,0,0,0,0,0,0,0,0,0,0,0,0,0,0
"s__Anaerostipes_hadrus","2|1239|186801|186802|186803|207244|649756",60799,64468,83906,32714,36218,67716,710793,405802,621627,204772,563015,32182,9292,60177,6194,23337,18072,102978,189680,376232,561317,212467,74889,175017,100835,176607,36125,83899,341054,2550506,295216,284333,49422,633326,46626,26018,76669,212132,87601,214168,171133,179902,22118,9880,186425,42316,126501,897513,363340,155357,257219,173460,116120,104258,135580,436466,201936,247827,415065,65954,75419,163921,88880,322755,62304,55732
"s__Anaerotignum_lactatifermentans","2|1239|186801|186802|186803|2039240|160404",0,0,0,0,0,0,0,0,0,0,0,0,0,0,0,0,0,0,0,0,0,5415,0,0,0,0,0,0,0,0,0,0,0,0,0,0,0,0,0,0,0,0,0,0,0,0,0,0,0,0,0,0,0,0,0,0,0,0,0,0,0,0,8065,11037,0,0
"s__Blautia_coccoides","2|1239|186801|186802|186803|572511|1532",0,0,0,0,0,0,0,0,0,0,0,0,0,0,0,0,0,0,0,0,0,131,0,0,0,0,0,0,0,0,4012,0,0,0,0,0,0,0,0,0,0,0,0,0,0,0,0,0,0,0,0,0,0,0,0,0,0,0,0,0,0,0,0,0,0,0
"s__Blautia_hansenii","2|1239|186801|186802|186803|572511|1322",0,0,0,0,0,0,0,0,0,0,0,0,0,0,0,0,0,0,0,29811,0,0,0,0,0,0,0,0,0,0,0,0,0,0,0,0,0,0,0,0,0,0,0,0,0,0,0,0,0,0,0,0,0,0,0,0,0,0,0,0,0,0,0,11060,0,0
"s__Blautia_hydrogenotrophica","2|1239|186801|186802|186803|572511|53443",0,0,11873,0,0,7411,0,0,0,0,0,0,0,0,0,0,0,0,0,14428,0,0,0,0,0,0,0,78,0,674,192892,26250,0,0,0,0,0,0,798,21150,713,45402,0,0,0,9358,0,907,0,0,0,0,1063,0,5770,12069,0,28934,61568,989,0,252,0,0,0,0
"s__Blautia_obeum","2|1239|186801|186802|186803|572511|40520",8540,86934,162729,91761,36806,228394,294021,1372,734487,10785,155214,20159,16334,18359,26840,21433,2354,2892,14582,33645,181634,61931,26440,56300,249589,202353,165604,76377,12483,97165,8267,35772,5326,199353,6956,4326,34461,45188,20066,96380,111260,33306,7417,22014,34940,69467,18043,194326,32935,157078,79936,2990,120991,307086,148276,5864,0,38,306775,50153,131704,52290,134256,292132,79250,125312
"s__Blautia_producta","2|1239|186801|186802|186803|572511|33035",0,0,0,0,0,0,0,2591,0,0,0,0,0,0,0,0,0,0,0,0,0,2986,0,0,0,0,0,0,0,102,0,0,0,0,0,0,0,0,0,0,0,0,0,0,0,0,0,0,0,26127,0,0,0,0,0,0,0,0,0,0,0,0,0,317,0,0
"s__Blautia_sp_CAG_257","2|1239|186801|186802|186803|572511|1262756",0,0,0,0,0,0,0,92545,5163,0,0,144,0,0,0,0,0,0,0,11291,0,150057,0,0,0,0,0,0,0,0,318455,2528,0,0,0,0,0,0,0,0,143,5775,0,0,0,0,0,0,453,14664,0,0,0,0,0,0,8819,1681,0,0,0,0,579,54371,0,49
"s__Blautia_sp_N6H1_15","2|1239|186801|186802|186803|572511|1912897",0,0,0,0,0,0,0,5157,0,0,0,0,0,0,0,0,0,0,0,0,0,0,0,0,0,0,0,0,0,0,0,0,0,0,0,0,0,0,0,0,0,0,0,0,0,0,0,0,0,0,0,0,0,0,0,0,0,0,0,0,0,0,0,0,0,0
"s__Blautia_wexlerae","2|1239|186801|186802|186803|572511|418240",4092,47960,17043,9250,8457,24167,624778,540618,46991,18215,418746,90908,2666,845,11296,12692,12821,72297,3402,99693,381251,62304,26382,24653,6401,99675,21013,42414,7988,259831,4493,13378,3258,60062,14971,11838,3209,90200,10495,38881,53686,83379,6872,13157,75157,92501,5952,50097,27222,40667,85029,106783,33191,24821,11707,60598,72311,1233829,90361,7181,12794,69217,25570,201154,9435,15421
"s__Ruminococcus_gnavus","2|1239|186801|186802|186803|572511|33038",0,0,1222,0,0,535,5111,1916080,39065,0,4434,2620,0,0,247,219,0,8946,0,15218,1206,101371,84,0,124216,45560,557,1713,340,37499,173940,147243,356,1793,0,410,292,4572,1059,578,9081,10939,0,0,3199,2795,30036,4319,2754,39479,392,0,13652,38665,167,153289,7371,54953,920,253,13998,629,12895,183181,4295,4185
"s__Ruminococcus_torques","2|1239|186801|186802|186803|572511|33039",19250,99887,151956,45562,46322,109484,913530,3259,163608,59892,671563,67248,15364,74295,148152,74439,85408,67818,36477,420533,152943,1876,72247,134940,113913,168994,4738,173069,22836,367431,8149,182354,15494,266455,5668,0,63573,287875,72028,131730,45428,107183,6781,27557,49475,121923,37067,134892,284676,445165,150459,92926,159036,77718,102918,443406,52506,940,85408,26972,362160,173500,174852,1401,22596,168285
"s__Butyrivibrio_sp_CAG_318","2|1239|186801|186802|186803|830|1262761",0,0,0,0,0,0,0,0,0,0,0,0,0,0,0,0,0,0,0,0,0,0,0,0,0,0,0,0,0,0,0,0,0,0,0,0,0,5628,0,0,0,0,0,0,0,0,0,0,0,0,0,0,0,0,0,0,0,0,0,0,0,0,0,0,0,0
"s__Coprococcus_catus","2|1239|186801|186802|186803|33042|116085",386,8082,28320,0,6561,12457,175133,0,57514,19846,123435,17698,846,0,7815,9637,7519,13509,1492,0,34535,46601,8487,12208,589,1201,47027,28581,22669,17630,1235,0,0,59011,8848,1881,212,43611,142,1230,53838,46245,251,1979,21138,22611,316,32992,36310,0,28231,10404,0,1143,21454,7951,15639,0,113847,5579,15966,19892,0,0,10902,0
"s__Coprococcus_comes","2|1239|186801|186802|186803|33042|410072",6729,169067,94212,21516,40679,102153,471175,500174,155359,61379,318541,38617,8137,46025,32801,31323,126582,72331,52887,132819,262116,1595,119104,27913,98912,252220,84051,132503,44546,300965,16306,144776,6189,43301,8622,1287,26297,216932,37957,31482,230111,60677,452,4672,64608,44554,24493,109946,79754,408630,47317,69516,321067,2108,31517,40970,49377,28046,388061,25650,61565,79105,976,1476,299954,139226
"s__Coprococcus_eutactus","2|1239|186801|186802|186803|33042|33043",7216,0,0,0,482,0,578,374,4314,165158,214,0,0,91792,85620,38728,10357,0,0,0,154,93,2590,38094,0,65,0,216,94886,249,221,0,191736,691,0,0,199417,126376,0,0,244,0,19725,4780,673,267698,30747,5410,0,0,527,246,19279,157152,4070,263,0,0,194,86889,43486,91729,0,177,269744,0
"s__Dorea_formicigenerans","2|1239|186801|186802|186803|189330|39486",22170,83751,93363,11653,22154,44351,124768,259,190336,18622,67640,15417,2426,22940,30522,27140,26778,75132,28749,24395,26611,653,45613,36185,70399,435,31780,12735,7745,77910,271307,69373,3820,17606,11229,4877,5285,49776,4247,37086,113443,39765,5200,5309,37733,38822,25948,27670,37252,70118,43589,7227,21357,101155,30389,39583,3820,0,51866,21623,39986,72346,79641,123652,25918,38536
"s__Dorea_longicatena","2|1239|186801|186802|186803|189330|88431",81141,237135,154696,21477,36826,114532,599074,850481,434737,81216,365547,20785,21828,36881,72091,81299,499857,71732,22256,102867,176251,378159,159794,122646,221905,104201,13776,220179,18810,116274,439829,177005,12062,236498,22006,9186,17979,345543,23424,201067,241556,30624,7418,13576,60887,131280,117329,133307,75005,176293,16997,71951,154113,161768,72402,109842,37502,58160,349119,55789,117529,127634,65048,224518,194621,161591
"s__Dorea_sp_CAG_317","2|1239|186801|186802|186803|189330|1262873",0,0,0,0,0,0,0,0,0,0,0,0,0,704,0,0,0,0,0,1898,0,0,0,0,0,0,5374,0,0,0,0,0,0,0,0,0,0,0,0,0,0,0,0,0,0,0,0,0,0,0,4807,0,0,982,0,0,0,0,579,0,0,0,0,0,0,0
"s__Eisenbergiella_massiliensis","2|1239|186801|186802|186803|1432051|1720294",0,0,0,0,0,0,0,313701,0,0,0,0,0,0,0,0,0,0,0,0,0,2452,0,0,0,0,0,0,0,0,92629,12809,0,0,0,0,0,0,0,252,0,16721,0,0,0,0,0,0,0,2470,0,0,0,0,0,0,0,13412,0,0,0,0,0,2312,0,0
"s__Eisenbergiella_tayi","2|1239|186801|186802|186803|1432051|1432052",0,0,0,0,0,147,0,873,0,0,0,0,0,0,0,0,4102,40307,0,0,0,1177,0,1938,6744,0,11472,0,0,1060,4572,0,0,985,0,0,0,0,435,142,0,0,0,1415,0,0,0,11717,0,0,1740,0,0,8584,11650,0,9840,0,9669,0,1987,0,5561,0,2815,0
"s__Faecalicatena_orotica","2|1239|186801|186802|186803|2005359|1544",0,0,0,0,0,0,0,0,0,0,0,0,0,0,0,0,0,0,0,0,0,6640,0,0,0,0,0,0,0,0,0,0,0,0,0,0,0,0,0,0,0,0,0,0,0,0,0,0,0,0,0,0,0,0,0,0,0,0,0,0,0,0,0,0,0,0
"s__Fusicatenibacter_saccharivorans","2|1239|186801|186802|186803|1407607|1150298",382629,363885,321815,47042,115651,247592,1532711,507030,1433275,396420,1209402,235154,87145,118948,362690,279462,157735,342083,291574,709220,704033,388434,162676,85621,398901,752367,297499,880317,142051,588739,11281,4152,50764,273869,205143,34933,269984,1623012,193865,6276,85542,217213,51692,63427,167639,527149,36459,1083899,729246,1110881,84591,112489,808128,281732,304058,147378,28628,729747,526465,149186,98813,278573,10960,935756,300454,702802
"s__Clostridium_aldenense","2|1239|186801|186802|186803|1506553|358742",0,0,0,0,0,0,0,768,0,0,0,0,0,0,0,0,0,0,0,0,0,0,0,0,0,0,0,0,0,0,2694,0,0,0,0,0,0,0,0,0,0,0,0,0,0,0,0,0,0,0,0,0,0,0,0,0,0,0,0,0,0,0,0,0,0,0
"s__Clostridium_asparagiforme","2|1239|186801|186802|186803|1506553|333367",0,0,0,0,0,0,0,3761,0,0,0,0,0,0,0,0,0,0,0,0,0,953,0,0,0,0,0,0,0,0,0,0,0,0,0,0,0,0,0,0,0,5564,0,0,0,0,0,0,0,1965,0,0,0,0,579,0,0,0,0,0,0,0,0,0,0,0
"s__Clostridium_bolteae","2|1239|186801|186802|186803|1506553|208479",0,0,0,0,0,0,381,54120,374,0,0,0,0,0,0,0,0,456,0,0,0,931,0,0,711,0,0,0,0,0,0,0,0,2556,0,0,0,0,0,0,0,4036,0,0,0,0,2244,33942,0,0,0,0,0,3696,0,0,0,0,0,0,0,0,0,359,0,0
"s__Clostridium_citroniae","2|1239|186801|186802|186803|1506553|358743",0,0,0,0,0,0,0,20394,0,0,0,0,0,0,0,0,0,0,0,0,0,0,0,0,0,0,0,0,0,0,322,0,0,0,0,0,0,0,0,0,0,568,0,0,0,0,0,816,0,0,0,0,0,262,5709,0,0,0,0,0,0,0,0,0,0,0
"s__Clostridium_clostridioforme","2|1239|186801|186802|186803|1506553|1531",0,0,0,0,0,0,0,46737,0,0,0,0,0,0,0,0,0,0,0,0,0,9675,0,0,0,0,0,0,0,0,0,0,0,0,0,0,0,0,0,0,661,0,0,0,0,0,0,0,0,0,0,0,0,0,0,0,0,0,0,0,0,0,0,0,0,0
"s__Clostridium_hylemonae","2|1239|186801|186802|186803|1506553|89153",0,0,0,0,0,0,0,0,0,0,0,0,0,0,0,0,0,0,0,0,0,0,0,0,0,0,0,0,0,0,723,0,0,0,0,0,0,0,0,0,0,0,0,0,0,0,0,0,0,0,0,0,0,0,0,0,0,0,0,0,0,0,0,0,0,0
"s__Clostridium_lavalense","2|1239|186801|186802|186803|1506553|460384",0,0,0,0,0,0,0,19218,0,0,0,0,0,0,0,0,0,0,0,0,0,0,0,0,0,0,0,0,0,0,0,0,0,0,0,0,0,0,0,0,0,2083,0,0,0,0,0,0,0,0,0,0,0,0,0,0,0,0,0,0,0,0,0,0,0,0
"s__Clostridium_saccharolyticum","2|1239|186801|186802|186803|1506553|84030",0,0,0,0,0,0,0,0,3284,0,0,0,0,0,0,0,0,0,0,995,0,0,0,0,0,0,0,0,0,0,0,462,0,0,0,0,0,0,0,0,0,0,0,0,0,0,0,0,0,0,0,0,0,0,0,0,0,0,0,211,0,0,0,0,0,0
"s__Clostridium_scindens","2|1239|186801|186802|186803|1506553|29347",0,0,0,0,0,0,0,924,0,0,0,0,0,0,0,0,0,0,0,322,0,396,0,0,235,0,0,0,0,0,391,0,0,232,0,0,0,0,0,0,0,0,0,0,0,0,0,0,0,155,0,0,0,0,77,0,0,0,0,0,0,0,2629,11137,0,0
"s__Clostridium_symbiosum","2|1239|186801|186802|186803|1506553|1512",0,0,0,0,0,0,0,25489,0,0,0,0,0,0,0,0,0,10601,0,0,182,2579,0,0,9749,4501,1314,0,1710,0,16131,290,0,0,0,0,0,0,4242,0,5541,2242,0,0,0,0,0,0,0,0,242,0,0,1045,61,0,0,0,0,0,0,0,661,0,0,0
"s__Lachnoclostridium_sp_An138","2|1239|186801|186802|186803|1506553|1965560",0,0,0,0,0,0,0,0,0,0,0,0,0,0,0,0,0,0,0,0,0,0,0,0,0,0,0,0,0,0,0,0,0,0,0,0,0,0,0,0,0,1368,0,0,0,0,0,0,0,0,0,0,0,0,0,0,0,0,0,0,0,0,0,0,0,0
"s__Lachnoclostridium_sp_An14","2|1239|186801|186802|186803|1506553|1965562",0,0,0,0,0,0,0,0,0,0,0,0,0,0,0,0,0,0,0,1387,0,0,0,0,0,0,0,0,0,0,0,0,0,0,0,0,0,0,0,0,0,0,0,0,0,0,0,0,0,0,0,0,0,0,0,0,0,0,0,0,0,0,0,0,0,0
"s__Eubacterium_rectale","2|1239|186801|186802|186803||39491",16670,19103,1090,2290,18043,32776,1351600,2862,3551031,154189,844959,1437,24028,1560,23568,77530,16178,61436,319752,489,286358,194752,182979,133975,14781,107817,48162,2011,166244,7292,3344,2448,58467,537017,25484,57664,12176,22499,5137,25820,609730,6551,12213,20029,4884,20789,3511,136152,540588,182123,3328,12243,19913,33682,87158,2662,134490,98546,734326,82121,127334,30385,60239,437277,87621,69480
"s__Lachnospira_pectinoschiza","2|1239|186801|186802|186803|28050|28052",3113,0,0,0,0,0,27712,0,10233,4131,8613,377,1824,1211,0,6815,0,0,0,11762,0,0,33891,635,0,261,0,2700,0,25493,0,0,0,503,0,0,12370,0,2439,2364,0,60270,0,0,0,0,616,2987,0,0,0,0,547,10293,0,6134,0,0,21254,0,0,0,0,0,2354,0
"s__Roseburia_faecis","2|1239|186801|186802|186803|841|301302",34266,253699,176,10481,39763,4994,433099,2755,533255,113422,244787,32622,86899,0,427216,0,417,65,0,107682,833,61607,16224,10700,116072,2433,14289,450,8042,1555,695,122,82986,168852,157860,85533,124625,85174,38705,54990,427801,523,8993,0,583,140337,30090,4407,125138,83318,539,0,175466,16405,645,274903,10256,0,1240,43008,138705,5547,4604,1716,49647,4675
"s__Roseburia_hominis","2|1239|186801|186802|186803|841|301301",20734,0,0,99,8897,9613,17480,2112,7363,29313,12986,55460,7585,32231,80415,161170,17119,59380,2121,2561,231741,0,36790,6741,44028,94645,114969,36212,27484,11259,0,0,20975,6111,42077,564,170325,84091,19792,1498,161305,10432,5076,32392,27352,38326,32462,52667,22414,31599,4282,14138,579,57182,52151,9041,41882,0,14551,38246,12613,16976,69621,31004,7858,0
"s__Roseburia_intestinalis","2|1239|186801|186802|186803|841|166486",5655,44,0,0,3285,0,102100,579,562104,39361,83706,64874,3137,36922,1774,121903,0,0,0,419147,0,790,30031,0,97782,6800,4045,19151,31949,444,0,0,7575,44538,0,0,0,47,0,471,252,0,0,0,745,14304,2533,91,64045,0,92,18856,322980,218,0,338243,0,0,612,18374,0,3419,0,547,19217,238272
"s__Roseburia_inulinivorans","2|1239|186801|186802|186803|841|360807",4830,25599,0,233,2318,0,162018,3153,214690,83104,104851,9679,6292,77,24339,35111,646,59672,33445,2806,363,0,22851,0,2211,15411,6617,20399,1244,171539,0,0,58363,27822,4935,0,15719,77593,0,14630,11577,58143,2141,697,2316,3557,7588,1295,12976,0,0,0,35039,3931,1228,93469,0,0,0,17707,12033,5723,9119,303,20765,8700
"s__Roseburia_sp_CAG_182","2|1239|186801|186802|186803|841|1262942",166,0,0,0,498,0,0,0,0,0,0,0,624,8596,54830,40518,0,0,0,0,17339,0,0,0,0,0,0,1408,0,0,0,0,0,0,13965,0,1419,243044,0,0,0,0,0,132,1130,5123,1379,0,0,0,3838,0,14798,0,0,0,0,0,0,0,2554,0,0,0,0,0
"s__Roseburia_sp_CAG_303","2|1239|186801|186802|186803|841|1262944",0,0,0,0,0,0,466,0,0,0,389,579,0,0,0,0,0,0,0,0,0,0,1342,0,0,0,0,0,2180,19540,0,0,0,0,0,0,0,0,0,0,0,0,0,0,0,0,0,0,0,0,0,0,0,0,0,0,0,0,0,0,0,0,0,0,0,0
"s__Roseburia_sp_CAG_309","2|1239|186801|186802|186803|841|1262945",0,0,0,0,0,0,0,0,0,0,0,0,0,0,0,0,0,0,0,0,0,0,0,72,0,0,0,0,0,0,0,0,0,0,0,0,106,0,0,0,0,0,0,0,0,0,430,0,0,0,0,0,0,0,0,0,0,0,0,0,0,321,0,0,0,0
"s__Roseburia_sp_CAG_471","2|1239|186801|186802|186803|841|1262948",0,229,50,0,8833,0,394,0,447,0,179,0,0,0,0,0,148,16794,0,393,0,73,203,24,0,36611,1189,0,0,747,0,24,0,426,0,0,50,357,0,25,150,0,0,0,0,51,50,24,0,247,480,0,0,0,50,278,37280,0,315,0,0,49,24,0,0,0
"s__Sellimonas_intestinalis","2|1239|186801|186802|186803|1769710|1653434",0,0,0,0,907,0,747,10166,1108,151,614,0,0,0,0,0,0,0,0,0,13268,27337,0,0,4373,41533,0,0,0,0,38303,0,0,9489,0,0,0,0,79484,0,0,0,0,0,0,0,0,1741,2344,3253,0,0,0,48862,0,5238,1818,11202,4003,0,0,0,1501,3883,0,0
"s__Tyzzerella_nexilis","2|1239|186801|186802|186803|1506577|29361",0,0,0,0,0,194,0,0,0,0,0,0,0,0,0,0,0,0,0,0,0,932,0,0,0,0,0,373,0,0,10317,0,0,0,0,0,0,0,0,0,0,0,0,0,0,0,620,584,0,0,1484,0,0,4674,71,352,0,0,0,0,0,0,0,0,0,0
"s__Oscillibacter_sp_57_20","2|1239|186801|186802|216572|459786|1897011",9973,0,349,0,2363,1587,3421,0,0,625,3030,1488,0,0,18438,5288,0,0,0,0,2376,5246,25854,253,2823,1930,6052,3823,95,0,0,443,1389,1166,2416,0,4866,585,1818,3619,0,0,526,926,4437,3066,329,8528,3817,0,1454,0,0,431,1719,491,763,0,586,14264,145,790,0,0,6267,1220
"s__Oscillibacter_sp_CAG_241","2|1239|186801|186802|216572|459786|1262911",799,0,5984,0,0,6077,893,0,1135,3008,574,0,0,46,12579,2231,426,0,0,0,0,0,13073,3043,167,0,0,0,0,0,19278,1992,0,0,0,0,0,1515,26918,0,0,0,323,90,0,0,0,3431,0,0,5092,3064,0,0,5737,0,2038,0,0,0,728,4394,0,0,0,510
"s__Peptococcus_niger","2|1239|186801|186802|186807|2740|2741",0,0,0,0,0,13539,0,0,0,0,0,0,0,0,0,0,0,2717,0,0,0,0,0,0,1559,0,0,0,0,0,0,0,0,0,0,0,0,0,0,0,0,0,0,0,0,0,0,0,0,0,0,0,0,0,0,0,0,0,0,0,0,0,2198,0,0,0
"s__Intestinibacter_bartlettii","2|1239|186801|186802|186804|1505657|261299",1628,0,0,2896,612,1777,11304,25915,6051,0,4491,0,0,0,0,0,4141,1339,0,15662,5393,2025,20420,2299,11625,0,687,3082,2441,5780,22395,10722,3331,36023,0,0,240,54686,0,0,4533,3749,0,0,0,0,51737,39423,24427,5985,33012,3553,42535,47528,2653,8843,2191,0,7900,65,7932,1305,6529,0,1453,0
"s__Peptostreptococcus_stomatis","2|1239|186801|186802|186804|1257|341694",0,0,0,0,0,0,0,0,0,0,0,0,0,0,0,0,0,0,0,0,0,0,0,0,0,0,0,0,0,0,4505,0,0,0,0,0,0,0,0,0,0,0,0,0,0,0,0,0,0,0,0,0,0,0,0,0,0,0,0,0,0,0,0,0,0,0
"s__Romboutsia_ilealis","2|1239|186801|186802|186804|1501226|1115758",0,0,0,0,0,0,832,0,0,0,0,0,0,0,0,0,0,0,0,0,0,0,0,227,648,0,0,0,0,0,286,0,0,1009,0,0,0,119,176,58,0,0,0,0,0,0,0,168,0,56,0,0,57,0,0,0,0,0,341,0,280,0,0,0,0,0
"s__Agathobaculum_butyriciproducens","2|1239|186801|186802|541000|2048137|1628085",3424,31497,10486,0,3464,0,13059,20588,22087,0,12042,1496,0,3063,14767,12253,749,8760,4272,29362,14171,11770,10147,8810,3775,9329,0,2368,11213,40483,0,0,3077,0,6141,2968,1648,4006,625,0,11977,3672,7245,6940,8307,1180,944,7615,17859,0,181,2258,2234,0,0,0,0,1672,2345,2824,0,1828,828,15562,1371,11011
"s__Anaeromassilibacillus_sp_An172","2|1239|186801|186802|541000|1924093|1965570",0,0,0,0,0,0,0,0,0,0,0,0,0,0,0,0,0,0,0,0,0,0,0,0,0,0,0,0,0,0,0,0,0,0,0,0,0,0,0,8407,0,0,0,0,0,0,0,0,0,0,0,0,0,0,0,0,0,0,0,0,0,0,0,0,0,0
"s__Anaeromassilibacillus_sp_An250","2|1239|186801|186802|541000|1924093|1965604",0,0,0,0,0,1238,0,0,40,0,0,0,0,0,0,0,0,0,0,719,0,0,0,0,512,0,0,0,0,0,0,1285,0,0,0,0,0,241,2034,0,0,3429,0,0,0,0,4335,346,0,4812,5958,0,0,0,488,0,830,0,1475,0,0,0,465,0,0,0
"s__Anaerotruncus_colihominis","2|1239|186801|186802|541000|244127|169435",0,0,0,0,0,5393,0,0,0,0,0,0,0,0,1429,0,0,1883,0,0,0,2480,0,0,232,0,0,0,0,0,3693,11254,0,0,120,0,0,0,1164,14560,2050,8341,0,0,0,759,0,0,81,215,2980,0,0,0,0,0,41,2090,356,782,42,2082,3205,0,0,0
"s__Anaerotruncus_sp_CAG_528","2|1239|186801|186802|541000|244127|1262700",0,0,0,0,0,0,0,0,12602,0,0,0,0,0,0,0,0,0,0,0,81702,0,0,0,0,0,0,0,0,0,0,0,0,0,0,0,0,0,0,0,0,0,0,0,0,0,0,0,0,0,2239,1607,0,0,0,0,0,0,0,0,0,0,0,0,0,0
"s__Faecalibacterium_prausnitzii","2|1239|186801|186802|541000|216851|853",119114,172294,132744,15279,115444,54341,701622,32798,818817,327092,773996,162106,68573,49491,269305,238383,45898,226593,106831,166359,162384,30662,183732,46773,155758,268571,88882,220232,104017,545847,8041,114538,81135,93931,182894,119881,238629,114718,75279,79576,409050,240650,31678,38065,389412,279985,45551,230615,388779,49990,56824,27138,100779,49582,34185,152238,20664,52036,110761,295132,66126,67696,6195,12419,327446,209291
"s__Flavonifractor_plautii","2|1239|186801|186802|541000|946234|292800",0,879,514,0,300,7893,8415,102851,2141,14761,11442,695,0,1251,7653,0,0,92140,0,4367,771,39901,0,0,10492,34145,365,1964,6359,33005,62238,6691,0,0,0,2553,3002,0,315,12943,0,27026,0,0,8009,1022,3086,6299,9042,10918,0,0,0,2922,0,8527,3746,4847,3014,548,0,833,3041,348,9563,10387
"s__Gemmiger_formicilis","2|1239|186801|186802|541000|204475|745368",0,14125,23803,248,3890,1938,16523,13367,16901,4039,14543,690,320,7915,15509,16882,7046,4302,960,2838,3700,0,4999,470,8879,0,11835,7347,4752,27942,0,0,3911,4494,8073,48,2985,26410,0,19511,3602,6349,531,1049,0,349,3380,16922,5090,0,1520,2434,2429,4729,4039,309,100,1145,8770,8509,7189,5348,49,142,5683,711
"s__Harryflintia_acetispora","2|1239|186801|186802|541000|1892380|1849041",0,0,0,0,0,0,0,0,0,0,0,0,0,0,0,0,0,0,0,0,0,0,0,0,0,0,0,0,0,0,0,0,0,0,0,0,0,0,49,0,0,0,0,0,0,0,0,0,0,0,0,0,0,0,0,0,0,0,0,0,0,0,0,0,0,0
"s__Clostridium_leptum","2|1239|186801|186802|541000||1535",2903,0,5557,615,527,1423,1129,0,1765,0,1567,644,0,0,1080,1737,13740,0,0,3793,723,2700,0,1057,1730,0,32,10859,0,277,5105,76199,549,12403,0,0,0,7170,534,220,997,8697,0,0,547,2947,5565,1137,0,27858,5699,0,0,6593,34054,0,29766,4474,8057,1361,7574,2144,1252,2535,453,0
"s__Clostridium_methylpentosum","2|1239|186801|186802|541000||84026",0,0,0,0,0,0,0,0,0,0,0,0,0,0,0,0,0,0,0,0,0,0,0,0,0,0,0,0,0,0,836,439,0,0,0,0,0,0,0,0,0,0,0,0,0,0,0,0,0,0,0,0,0,0,0,0,0,0,0,0,0,0,0,0,0,0
"s__Eubacterium_siraeum","2|1239|186801|186802|541000||39492",6878,0,0,0,1130,0,340,0,1725,5930,1173,7286,0,3295,0,84,109,0,0,0,870,4621,4576,0,0,0,0,0,137,0,0,0,52770,89332,85589,0,80957,0,21781,3010,9719,34656,0,2960,10041,9683,611,0,0,0,1141,0,0,5528,8525,0,6939,0,0,0,835,4158,835,0,0,1675
"s__Ruminococcaceae_bacterium_D5","2|1239|186801|186802|541000||1520815",0,0,0,0,0,0,0,0,0,0,0,0,0,0,0,0,0,0,0,0,0,0,128,0,0,0,0,0,0,0,0,0,0,0,0,0,0,0,11224,0,0,0,0,0,0,0,0,0,0,0,0,0,0,0,0,0,0,0,0,0,0,0,0,0,0,0
"s__Ruminococcus_bicirculans","2|1239|186801|186802|541000|1263|1160721",392,0,29085,4556,722,48039,37781,0,194605,17739,38643,28267,2387,1830,0,1747,1798,16039,5889,0,189309,0,7179,10488,60431,0,12406,0,35954,0,0,0,0,0,0,1093,0,13166,68336,0,0,4725,89,0,0,1863,18591,42174,93738,0,4903,0,4480,7937,0,0,0,0,69154,1090,29302,600,0,0,260,0
"s__Ruminococcus_bromii","2|1239|186801|186802|541000|1263|40518",45352,84,77510,67414,31926,199591,86509,862,509917,46752,97940,34390,13153,0,1773,34818,139,29,0,4882,207675,111156,11956,93395,344998,285821,402,389,14382,148591,267249,427,43698,552442,0,10739,28,787,134369,619,145605,273,6361,0,39693,79953,36906,733,127133,109,651,85,257229,181808,126165,166,95121,59,410972,8235,108911,89295,58,172,40090,106134
"s__Ruminococcus_callidus","2|1239|186801|186802|541000|1263|40519",0,0,0,0,0,831,0,0,8303,1951,0,0,0,0,623,259,51,0,0,0,5722,0,263,0,4059,0,5114,0,0,0,0,0,3130,0,0,0,0,0,0,0,0,5451,0,0,0,0,0,0,0,0,0,0,0,52,0,0,0,0,0,1230,3173,1053,734,0,0,0
"s__Ruminococcus_champanellensis","2|1239|186801|186802|541000|1263|1161942",9539,0,0,0,12477,0,0,0,0,0,0,0,0,0,0,0,0,0,0,0,0,0,0,339,0,0,0,0,0,0,0,0,0,0,0,0,0,0,0,0,0,0,0,0,0,0,0,0,0,0,0,0,0,0,1176,0,0,0,0,0,0,0,0,0,0,0
"s__Ruminococcus_lactaris","2|1239|186801|186802|541000|1263|46228",26931,0,32928,0,0,0,1452,352,1434,0,359,29785,0,2438,0,0,0,108837,0,0,202772,258,2069,0,0,313207,0,114358,0,57936,325,0,7706,14823,24136,0,41575,29477,0,188,204772,39918,1005,2945,11765,542,0,130838,50152,0,26,3050,8144,0,2567,15860,0,0,2505,8564,0,28474,0,118037,19547,191062
"s__Ruminococcus_obeum_CAG_39","2|1239|186801|186802|541000|1263|1263107",0,0,0,0,0,0,848,0,0,0,0,0,0,0,0,0,0,0,16962,0,0,0,0,0,0,0,0,0,0,0,0,0,0,0,0,0,0,0,13569,0,0,0,0,0,0,0,0,0,0,0,0,0,0,0,0,0,0,0,0,0,0,0,0,0,0,0
"s__Ruminococcus_sp_CAG_330","2|1239|186801|186802|541000|1263|1262954",0,0,0,0,10556,0,0,0,0,0,0,0,0,0,0,0,0,0,0,0,0,0,0,0,0,0,3023,0,0,0,0,0,0,0,0,0,0,0,0,0,0,0,0,0,0,0,3232,35689,0,0,0,0,0,0,0,0,0,0,0,0,0,0,0,0,0,0
"s__Ruminococcus_sp_CAG_403","2|1239|186801|186802|541000|1263|1262958",0,0,0,0,0,0,0,0,0,0,0,0,0,0,0,0,0,0,0,0,0,0,0,0,0,0,0,0,0,0,0,0,0,0,0,0,0,0,0,0,0,0,0,0,0,0,0,0,0,0,0,0,0,0,139,0,0,0,0,0,0,0,0,0,0,0
"s__Ruthenibacterium_lactatiformans","2|1239|186801|186802|541000|1905344|1550024",2330,0,1775,5520,1779,78551,4031,14281,2570,3084,4796,3030,0,2998,20846,7620,44180,94595,0,0,6348,53120,6562,5641,29393,4672,15974,6214,4836,1083,77294,19333,3309,11726,1115,19462,1744,15053,14721,3668,22426,35473,2586,2389,4435,20029,7109,49034,6425,24377,25191,4048,0,15628,11261,3167,4734,21174,26509,5822,4598,22798,79118,23881,7203,8285
"s__Absiella_dolichum","2|1239|526524|526525|128827|2057233|31971",0,0,0,0,0,0,0,0,0,0,0,0,0,0,0,0,0,0,0,0,0,0,0,0,0,0,0,0,0,0,0,0,0,0,0,0,0,0,0,0,0,0,0,0,0,0,0,0,0,0,0,0,0,0,0,0,0,0,0,0,0,0,0,3007,0,0
"s__Candidatus_Stoquefichus_sp_KLE1796","2|1239|526524|526525|128827|1470349|1574263",0,0,0,0,0,0,0,1580,0,0,0,0,0,0,0,0,0,0,0,0,0,0,0,0,0,0,0,0,0,0,0,0,0,0,0,0,0,0,0,0,0,0,0,0,0,0,0,0,0,0,0,0,0,0,0,0,0,0,0,0,0,0,0,0,0,0
"s__Catenibacterium_mitsuokai","2|1239|526524|526525|128827|135858|100886",0,0,0,0,0,0,0,0,0,0,0,0,0,0,0,0,636,0,0,0,0,0,0,0,0,0,0,0,0,0,0,0,0,0,0,0,0,0,0,0,0,0,0,0,0,0,0,0,0,0,0,0,0,0,0,0,0,0,0,0,0,0,0,0,0,0
"s__Coprobacillus_cateniformis","2|1239|526524|526525|128827|100883|100884",0,0,132,172,0,0,45633,0,0,0,43758,0,0,0,0,0,0,3394,0,0,0,0,0,0,0,0,0,0,0,0,0,0,0,0,0,0,0,0,0,0,0,0,0,0,0,0,0,0,0,0,133240,0,0,2526,0,10276,0,0,0,0,0,0,292,0,2020,0
"s__Dielma_fastidiosa","2|1239|526524|526525|128827|1472649|1034346",0,0,0,0,0,0,0,3992,0,0,0,0,0,0,0,0,502,826,0,0,0,0,0,0,0,0,0,0,0,0,0,0,0,0,0,0,0,0,0,0,0,0,0,0,0,0,0,607,0,0,0,0,0,0,0,0,0,0,0,0,0,0,0,0,0,0
"s__Clostridium_innocuum","2|1239|526524|526525|128827|1505663|1522",0,0,0,0,0,0,4004,19360,3115,0,2168,0,0,0,0,0,366,2077,0,2525,0,1347,0,470,7166,0,525,0,0,0,69643,0,0,4727,0,0,0,0,0,0,0,177,0,0,0,0,0,590,466,2114,0,0,0,8152,2645,0,1707,0,1291,0,0,0,5550,3644,599,0
"s__Clostridium_spiroforme","2|1239|526524|526525|128827|1505663|29348",33,874,0,0,0,1853,0,3650,9240,563,0,0,0,0,0,0,0,0,0,0,0,1232,1323,782,642,0,0,997,0,0,10458,1371,0,14066,0,0,0,7185,0,897,0,12822,0,0,0,0,362,6447,0,0,0,0,0,0,2221,4891,319,0,347,0,997,1339,3665,1254,0,2033
"s__Erysipelatoclostridium_ramosum","2|1239|526524|526525|128827|1505663|1547",0,0,0,0,0,0,0,33089,0,0,0,0,0,0,0,0,0,0,0,13228,0,0,0,0,0,0,0,0,0,4618,132418,324,0,0,0,0,0,0,0,0,0,0,0,0,0,0,4101,0,0,0,0,0,0,0,0,42,0,0,0,0,0,0,0,0,0,0
"s__Holdemanella_biformis","2|1239|526524|526525|128827|1573535|1735",0,0,0,0,0,0,0,0,0,0,0,0,0,0,0,0,0,0,0,0,0,0,0,0,0,0,0,0,0,0,0,0,0,0,0,0,0,0,0,0,0,0,0,0,0,0,0,0,0,0,0,0,0,0,0,538,0,0,0,0,0,0,0,0,0,857
"s__Holdemania_filiformis","2|1239|526524|526525|128827|61170|61171",0,0,705,0,0,944,347,15149,0,0,840,0,0,0,0,0,0,0,0,0,2064,4963,0,0,0,0,811,276,0,0,0,1429,0,0,0,0,0,0,0,0,205,7168,0,0,0,0,0,0,1043,347,0,0,0,0,0,345,0,0,0,0,406,476,70,0,0,208
"s__Massiliomicrobiota_timonensis","2|1239|526524|526525|128827|1924110|1776392",0,0,0,0,0,0,0,0,0,0,0,0,0,0,0,0,0,0,0,0,0,230,0,0,0,0,0,0,0,0,0,0,0,0,0,0,0,0,0,0,0,0,0,0,0,0,0,0,0,0,0,0,0,0,0,0,0,0,0,0,0,0,0,0,0,0
"s__Solobacterium_moorei","2|1239|526524|526525|128827|123375|102148",0,0,0,0,0,0,0,0,0,0,0,0,0,0,0,0,0,0,0,0,0,0,0,0,0,0,0,0,0,0,502,0,0,0,0,0,0,0,0,0,0,0,0,0,0,0,0,0,0,0,0,0,0,0,0,0,0,0,0,0,0,0,0,0,0,0
"s__Turicibacter_sanguinis","2|1239|526524|526525|128827|191303|154288",0,0,0,0,0,0,5204,0,0,0,2138,0,0,0,0,0,411,0,0,201,31,0,1057,0,7159,0,29,0,0,974,1022,1345,0,6891,0,0,0,24468,19041,0,0,1634,0,0,0,0,140,8670,0,702,738,0,6712,0,542,201,0,0,0,0,0,0,2669,0,0,0
"s__Firmicutes_bacterium_CAG_110","2|1239|||||1263000",14469,0,0,0,0,0,75,0,0,7136,0,0,0,0,7945,37490,0,0,0,0,0,0,21221,5238,0,0,0,4030,6926,0,0,0,0,20187,0,0,0,27887,0,0,0,0,494,4162,80227,16475,22262,456,0,0,9549,7645,0,0,0,0,0,0,0,1990,7785,0,0,0,0,0
"s__Firmicutes_bacterium_CAG_145","2|1239|||||1263005",0,0,0,0,0,0,0,0,722,0,0,0,0,0,0,0,1864,0,0,0,0,13340,0,111,7011,0,0,1374,0,0,10090,0,0,1427,0,0,0,0,1746,0,5350,0,0,0,0,0,627,0,0,0,8527,2222,0,3522,0,0,407,0,3830,0,0,0,0,6005,0,0
"s__Firmicutes_bacterium_CAG_238","2|1239|||||1263011",0,0,0,0,0,0,0,0,0,0,0,0,0,0,0,0,0,0,0,0,0,0,0,0,0,0,0,0,0,0,0,0,0,0,0,0,0,0,0,0,0,0,0,0,0,0,0,0,0,0,300,0,0,0,0,0,0,0,0,0,0,0,0,0,0,0
"s__Firmicutes_bacterium_CAG_424","2|1239|||||1263022",0,0,0,0,0,0,0,0,0,0,0,0,0,0,0,0,0,0,0,0,0,0,0,0,0,0,0,0,0,0,0,0,0,0,0,0,0,0,0,0,0,0,0,0,0,0,0,0,0,0,0,0,0,0,0,0,0,0,0,0,0,0,0,76876,0,0
"s__Firmicutes_bacterium_CAG_646","2|1239|||||1262995",0,0,0,0,0,0,0,0,0,0,0,0,0,0,0,0,0,0,0,0,0,0,0,0,0,0,0,0,0,0,0,0,0,0,0,0,0,0,0,0,0,0,0,0,0,0,0,0,0,0,0,0,0,0,0,0,0,0,0,0,0,0,0,54559,0,0
"s__Firmicutes_bacterium_CAG_83","2|1239|||||1262992",3323,0,0,403,404,8406,2897,0,127,886,2390,1905,120,1228,1412,0,1921,0,0,0,18864,0,5476,4613,18008,0,28673,2800,2150,2651,0,0,2207,1383,6021,2759,2809,1711,0,3283,4737,1001,0,0,31,10148,4694,3071,11379,9591,2621,6715,0,51436,526,65,473,1142,35285,15340,10527,4817,21599,0,0,6117
"s__Firmicutes_bacterium_CAG_94","2|1239|||||1262989",0,0,0,0,0,0,0,0,0,0,0,0,0,0,0,0,0,0,0,0,0,0,0,0,0,0,0,0,0,0,0,0,0,0,0,0,0,0,0,0,0,2469,0,0,0,0,5404,0,0,0,0,0,0,0,394,0,0,0,1206,0,0,0,0,0,0,0
"s__Firmicutes_bacterium_CAG_95","2|1239|||||1262988",0,0,0,0,0,0,0,0,0,0,0,0,0,0,0,0,0,0,0,0,0,0,0,0,0,0,0,0,0,0,0,0,0,0,0,0,0,0,0,0,0,0,0,0,350,0,0,0,0,0,2182,0,0,0,0,0,0,0,0,0,0,0,0,0,0,0
"s__Acidaminococcus_intestini","2|1239|909932|1843488|909930|904|187327",0,0,0,0,0,0,0,0,0,0,0,0,0,0,0,0,0,0,0,0,0,0,0,0,0,0,0,0,0,0,0,0,0,0,0,0,0,0,0,0,0,0,0,0,0,0,0,0,0,0,0,0,0,0,0,0,0,0,0,0,0,0,0,0,0,18356
"s__Phascolarctobacterium_faecium","2|1239|909932|1843488|909930|33024|33025",0,0,1736,493,0,0,15213,8831,2195,1260,13603,0,0,0,0,0,0,0,0,0,0,0,1634,1003,244,0,0,3956,0,0,0,0,1035,2240,0,0,1415,3966,45,0,0,23608,0,0,0,0,0,0,0,0,0,0,0,0,1733,17186,0,0,0,0,0,0,0,0,0,0
"s__Phascolarctobacterium_succinatutens","2|1239|909932|1843488|909930|33024|626940",0,0,0,0,0,0,0,0,0,0,0,0,0,0,0,0,0,0,0,0,0,0,0,0,0,0,0,0,0,0,0,0,0,0,0,0,0,0,0,0,0,0,0,0,0,0,0,0,0,0,0,0,0,0,0,0,0,0,0,17501,0,0,0,0,0,0
"s__Megamonas_funiformis","2|1239|909932|909929|1843491|158846|437897",0,0,0,0,0,0,3275,0,0,0,3529,0,0,0,2056,2335,0,0,0,0,0,0,0,0,0,0,0,0,0,0,0,0,0,0,0,0,0,0,0,0,0,0,0,0,0,0,0,0,0,0,0,0,0,0,0,0,0,0,0,0,0,0,0,0,0,0
"s__Megamonas_funiformis_CAG_377","2|1239|909932|909929|1843491|158846|1263086",0,0,0,0,0,0,0,0,0,0,0,0,0,0,0,1693,0,0,0,0,0,0,0,0,0,0,0,0,0,0,0,0,0,0,0,0,0,0,0,0,0,0,0,0,0,0,0,0,0,0,0,0,0,0,0,0,0,0,0,0,0,0,0,0,0,0
"s__Megamonas_hypermegale","2|1239|909932|909929|1843491|158846|158847",0,0,0,0,0,0,432,0,0,0,0,0,0,0,0,432,0,0,0,0,0,0,0,0,0,0,0,0,0,0,0,0,0,0,0,0,0,0,0,0,0,0,0,0,0,0,0,0,0,0,0,0,0,0,0,0,0,0,0,0,0,0,0,0,0,0
"s__Dialister_invisus","2|1239|909932|1843489|31977|39948|218538",12495,7898,0,0,14603,20690,24192,0,1122,6298,11123,0,4742,1260,4943,11412,3025,1563,0,1087,12858,11236,3672,2176,6673,21859,0,0,0,198,0,22670,0,0,1204,1134,0,3468,14711,12259,20733,0,281,0,10718,6903,1750,1444,0,9026,14415,4213,1877,962,258,0,291,21551,1685,0,43510,2774,2657,355,8429,6224
"s__Megasphaera_sp_DISK_18","2|1239|909932|1843489|31977|906|1776081",0,0,0,0,0,0,0,0,0,0,0,0,0,0,0,0,0,0,0,0,0,0,0,0,0,0,0,0,0,0,0,0,0,0,0,0,0,0,0,0,0,0,0,0,0,0,0,0,0,0,0,0,0,0,0,0,0,0,0,0,0,0,0,0,0,3156
"s__Veillonella_atypica","2|1239|909932|1843489|31977|29465|39777",0,0,0,0,0,0,1206,0,0,0,1163,129,0,0,0,0,0,0,0,0,0,0,0,0,0,0,0,0,0,0,0,0,0,0,0,0,265,251,0,0,0,0,0,0,0,0,0,0,0,0,0,0,0,0,0,0,0,0,0,0,0,0,0,0,0,0
"s__Veillonella_dispar","2|1239|909932|1843489|31977|29465|39778",0,0,0,0,0,0,0,0,0,0,404,0,0,0,0,0,0,0,0,0,0,0,0,0,0,0,0,0,0,0,0,0,0,0,0,0,0,0,0,0,0,0,0,0,0,0,0,0,0,0,0,0,456,0,0,0,0,0,0,0,0,0,0,0,0,0
"s__Veillonella_parvula","2|1239|909932|1843489|31977|29465|29466",0,0,0,0,0,0,2292,0,0,0,2568,0,0,0,0,0,0,0,0,2906,0,0,0,0,0,0,0,0,0,0,0,0,0,246,0,0,0,8131,0,0,0,0,0,0,154,0,0,0,0,0,0,0,0,0,0,0,0,0,0,0,0,0,0,0,0,0
"s__Parvimonas_micra","2|1239|1737404|1737405|1570339|543311|33033",0,0,0,0,0,0,0,0,605,0,0,0,0,0,0,0,0,0,0,0,0,0,0,0,0,0,0,0,0,0,5483,0,0,0,0,0,0,0,0,0,0,0,0,0,0,0,0,0,0,0,0,0,0,0,0,0,0,0,0,0,0,0,0,0,0,0
"s__Parvimonas_sp_KA00067","2|1239|1737404|1737405|1570339|543311|1588755",0,0,0,0,0,0,0,0,0,0,0,0,0,0,0,0,0,0,0,0,0,0,0,0,0,0,0,0,0,0,0,0,0,0,0,0,0,0,0,0,0,72,0,0,0,0,0,0,0,0,0,0,0,897,0,0,0,0,0,0,0,0,0,0,0,0
"s__Bacteroides_coagulans","2|1239|1737404||||46507",0,0,0,0,0,0,0,0,0,0,0,0,0,0,0,0,0,0,0,0,0,0,0,0,0,0,0,0,0,0,0,0,0,0,0,0,0,0,0,0,0,0,0,0,0,0,0,0,0,0,0,0,0,177,0,0,0,0,0,0,0,0,0,0,0,0
"s__Fusobacterium_sp_CAG_439","2|32066|203490|203491|203492|848|1262899",1558,0,0,0,0,0,0,0,0,0,0,0,0,0,0,0,0,0,0,0,0,0,0,0,0,0,0,0,0,0,0,0,0,0,0,0,0,0,0,0,0,0,0,0,0,0,0,0,0,0,0,0,0,0,0,0,0,0,0,0,0,0,0,0,0,0
"s__Parasutterella_excrementihominis","2|1224|28216|80840|995019|577310|487175",0,0,0,0,2993,0,14549,16608,0,10490,22117,383,1902,0,0,0,0,3254,196,1242,0,0,3916,0,0,0,0,536,5108,0,0,0,157,0,4405,425,0,0,0,0,3719,5387,0,0,307,0,0,3037,9151,4196,1701,156,0,0,0,0,0,0,1861,27824,0,0,347,0,5187,0
"s__Turicimonas_muris","2|1224|28216|80840|995019|1918598|1796652",0,0,0,0,0,0,0,0,0,0,0,0,0,0,0,0,0,0,0,0,0,0,0,0,0,0,0,0,0,0,0,0,0,0,2867,129,0,0,0,0,606,0,0,0,0,0,0,1225,0,0,0,0,0,0,0,0,0,0,0,0,0,0,0,0,1892,0
"s__Bilophila_wadsworthia","2|1224|28221|213115|194924|35832|35833",0,0,0,0,0,0,0,4157,0,0,0,0,135,0,1649,3075,0,5691,0,0,0,277,265,0,0,0,947,0,0,0,203,0,0,0,0,0,551,0,975,1378,423,1157,0,0,1481,0,69,1382,3461,1241,888,0,0,0,0,0,0,0,2041,5284,0,0,0,0,0,0
"s__Desulfovibrionaceae_bacterium","2|1224|28221|213115|194924||2049043",0,0,0,0,0,0,0,0,0,0,0,0,0,0,0,0,0,0,0,0,0,0,1559,152,0,0,0,0,0,0,0,0,0,0,0,0,0,0,0,0,0,0,0,1107,0,0,0,0,0,0,0,0,0,0,0,0,0,0,0,0,0,0,0,0,0,0
"s__Desulfovibrio_piger","2|1224|28221|213115|194924|872|901",9382,693,0,0,0,0,0,0,0,0,0,0,0,0,0,0,0,0,0,0,0,0,0,0,0,0,0,2690,0,0,0,0,3845,227,0,0,0,0,0,0,0,0,0,5545,25676,13105,0,0,0,0,0,0,0,0,0,0,0,0,0,0,0,0,0,0,0,0
"s__Citrobacter_freundii","2|1224|1236|91347|543|544|546",0,0,0,0,0,0,0,0,0,0,0,0,0,0,0,0,0,0,0,0,0,0,0,0,0,0,0,0,0,0,0,0,0,0,0,0,0,0,0,0,0,0,0,0,0,0,0,0,0,0,0,0,0,0,0,0,0,0,0,0,0,0,0,0,22288,0
"s__Citrobacter_pasteurii","2|1224|1236|91347|543|544|1563222",0,0,0,0,0,0,0,0,0,0,0,0,0,0,0,0,0,0,0,0,0,0,0,0,0,0,0,0,0,0,0,0,0,0,0,0,0,0,0,0,0,0,0,0,0,0,0,0,0,0,0,0,0,0,0,19918,0,0,0,0,0,0,0,0,0,0
"s__Citrobacter_youngae","2|1224|1236|91347|543|544|133448",0,0,0,0,0,0,0,0,0,0,0,0,0,0,0,0,0,0,0,0,0,0,0,0,0,0,0,0,0,0,0,0,0,0,0,0,0,0,0,0,0,0,0,0,0,0,0,0,0,0,0,0,0,0,0,0,0,0,0,0,0,0,0,0,4266,0
"s__Escherichia_coli","2|1224|1236|91347|543|561|562",0,0,0,0,0,0,1583,0,0,0,1979,10060,319,0,0,0,0,17885,0,59553,0,0,0,0,0,0,4401,10104,0,0,36424,0,0,0,0,2364,1307,0,0,0,0,633,0,5124,0,0,9066,2009,7281,0,36580,0,31967,12411,0,0,0,0,0,1238,0,0,10014,0,0,0
"s__Klebsiella_pneumoniae","2|1224|1236|91347|543|570|573",0,0,0,0,0,0,0,0,0,0,0,5279,0,0,0,0,0,0,0,0,0,0,0,0,0,0,0,0,0,0,0,0,0,0,0,6292,0,0,0,0,0,0,0,0,0,0,0,0,0,0,0,0,0,0,0,0,0,0,0,0,0,0,0,0,0,0
"s__Klebsiella_quasipneumoniae","2|1224|1236|91347|543|570|1463165",0,0,0,0,0,0,0,0,0,0,0,0,0,0,0,0,0,0,0,0,0,0,0,0,0,0,0,0,0,0,0,0,0,0,0,2081,0,0,0,0,0,0,0,0,0,0,0,0,0,0,0,0,0,0,0,0,0,0,0,0,0,0,0,0,0,0
"s__Kluyvera_ascorbata","2|1224|1236|91347|543|579|51288",0,0,0,0,0,0,0,0,0,0,0,0,0,0,0,0,0,0,0,0,0,0,0,0,0,0,0,0,0,0,0,0,0,0,0,0,0,0,0,0,0,0,0,0,0,0,446,0,0,0,0,0,0,0,0,0,0,0,0,0,0,0,0,0,0,0
"s__Salmonella_enterica","2|1224|1236|91347|543|590|28901",0,0,0,0,0,0,0,0,0,0,0,0,0,0,0,0,0,0,0,0,0,0,0,0,0,0,0,0,0,0,0,0,0,0,0,0,0,0,0,0,0,0,0,0,0,0,0,0,0,0,0,0,0,0,0,0,0,0,0,0,0,0,0,0,0,0
"s__Hafnia_paralvei","2|1224|1236|91347|1903412|568|546367",0,0,0,0,0,0,0,0,0,0,0,0,0,0,0,0,0,19521,0,0,0,0,0,0,0,0,0,0,0,0,0,0,0,0,0,0,0,0,0,0,0,0,0,0,0,0,0,0,0,0,0,0,0,0,0,0,0,0,0,0,0,0,0,0,0,0
"s__Haemophilus_parainfluenzae","2|1224|1236|135625|712|724|729",0,0,0,0,0,0,2022,0,0,0,229,117,216,0,0,0,0,0,0,0,0,0,0,0,0,0,0,0,0,691,0,0,0,0,0,0,0,0,0,0,0,0,0,0,0,0,0,0,0,0,0,0,0,0,0,390,0,0,0,896,0,0,0,0,0,0
"s__Haemophilus_sp_HMSC71H05","2|1224|1236|135625|712|724|1608898",0,0,0,0,0,0,0,0,0,0,0,0,561,0,0,0,0,0,0,0,0,0,0,0,0,0,0,0,0,1982,0,0,0,0,0,0,0,0,0,0,0,0,0,0,0,0,0,0,0,0,0,0,0,0,0,0,0,0,0,0,0,0,0,0,0,0
"s__Pseudomonas_aeruginosa_group","2|1224|1236|72274|135621|286|136841",0,0,0,0,0,0,0,0,0,0,0,0,0,0,0,0,0,0,0,0,0,0,0,0,0,0,0,0,0,0,0,0,0,0,0,0,0,0,0,0,0,0,0,0,0,0,0,0,0,0,0,0,0,0,0,0,0,0,0,0,0,0,0,0,0,0
"s__Proteobacteria_bacterium_CAG_139","2|1224|||||1262986",0,0,0,0,0,0,221,1986,0,0,353,0,0,6070,0,0,0,2939,0,0,0,0,575,0,0,0,1615,678,0,0,0,0,0,0,12155,7890,0,0,6802,0,47031,24082,272,0,7537,0,371,17817,0,0,0,0,0,0,0,0,0,0,7095,9748,0,0,0,0,89678,0
"s__Akkermansia_muciniphila","2|74201|203494|48461|1647988|239934|239935",0,0,0,0,9705,0,0,0,0,0,0,3553,0,12949,2597,0,0,0,0,0,0,0,45757,49962,1982,0,33968,46785,82519,1559,629,9259,64594,51839,32732,3549,1477,1029,0,0,16185,80168,0,35579,4849,8444,139956,719,6964,0,31542,93957,0,2579,18920,3252,87325,0,284324,0,0,0,1006,0,8145,0
"s__Saccharomyces_cerevisiae","2759|4890|4891|4892|4893|4930|4932",0,0,0,0,0,0,0,0,0,0,0,0,0,0,0,0,0,0,0,0,0,0,0,0,0,0,0,0,0,0,0,0,0,0,0,0,0,0,0,0,0,0,0,0,0,0,0,0,0,0,0,0,0,0,0,0,0,0,0,0,0,0,0,0,0,0
"s__Cryptococcus_neoformans","2759|5204|155616|5234|1884633|5206|5207",0,0,0,0,0,0,0,0,0,0,0,0,0,0,0,0,0,0,0,0,0,0,0,0,0,0,0,0,0,0,0,0,0,0,0,0,0,0,0,0,0,0,0,0,0,0,0,0,0,0,0,0,0,0,0,0,0,0,0,0,0,0,0,0,0,0
"s__Blastocystis_sp_subtype_1","2759|||||12967|944036",0,0,0,0,0,0,0,0,0,0,0,0,0,0,0,0,0,0,0,0,0,0,99031,0,0,0,0,0,0,0,0,0,0,0,0,0,0,0,0,0,0,0,0,0,0,0,0,0,0,0,0,0,0,0,0,0,0,0,0,0,0,0,0,0,0,0
