"","logFC","logCPM","PValue","FDR"
"PWY_6167_flavinbiosynthesisII_archaea_",-3.20682655616521,5.27374086862253,1.51332507020135e-07,6.11383328361347e-05
"PWY_3801_sucrosedegradationII_sucrosesynthase_",-2.9683088115346,5.1204089648213,9.42777106054503e-07,0.000168873817343915
"PWY_7345_superpathwayofanaerobicsucrosedegradation",-2.91516114345691,5.0837935888839,1.25401349512808e-06,0.000168873817343915
"PWY_7286_7__3_amino_3_carboxypropyl__wyosinebiosynthesis",-2.72816916439423,4.94296912292336,2.1864730327198e-06,0.0002208337763047
"METHANOGENESIS_PWY_methanogenesisfromH2andCO2",-2.30197744498202,4.68101573404385,1.87759625476984e-05,0.00151709777385403
"PWY_7389_superpathwayofanaerobicenergymetabolism_invertebrates_",2.00644741858452,4.51681970299284,4.52912649652681e-05,0.00304961184099472
"PWY_5198_factor420biosynthesis",-1.98181217240379,4.50628313145065,0.000132398122183463,0.00764126305173129
"PWY_7384_anaerobicenergymetabolism_invertebrates_mitochondrial_",1.68360796833933,4.3500164160359,0.000397657023958387,0.0200816797098985
"PWY_6318_L_phenylalaninedegradationIV_mammalian_viasidechain_",1.5457184073047,4.91484789749352,0.00151103187802008,0.0678285420800123
"P562_PWY_myo_inositoldegradationI",1.63990621705008,5.14296541867266,0.00381274436662489,0.154034872411646
"PWY_6823_molybdenumcofactorbiosynthesis",-1.34905203795423,4.90776461325854,0.00435612921935769,0.159988745874592
"PWY_6349_CDP_archaeolbiosynthesis",-1.36085365909467,4.22403274259463,0.00583162785825713,0.19633147122799
"PWY_5004_superpathwayofL_citrullinemetabolism",1.18007641018837,4.14854265767188,0.00950669606808274,0.295438862423494
"PWY_5677_succinatefermentationtobutanoate",1.24265043576415,5.06344893699091,0.0120180260973806,0.346805895952983
"PWY_7013_L_1_2_propanedioldegradation",0.721632832358959,9.56574385068998,0.0140403808268354,0.359606587749908
"PWY_6608_guanosinenucleotidesdegradationIII",0.464801713799976,11.5412665146088,0.0142418450594023,0.359606587749908
"PWY_7316_dTDP_N_acetylviosaminebiosynthesis",-1.31563516902645,6.11371631260705,0.0227817422631633,0.537627734878014
"P163_PWY_L_lysinefermentationtoacetateandbutanoate",0.998129628691993,4.07227937728506,0.0239537109599115,0.537627734878014
"PWY4FS_8_phosphatidylglycerolbiosynthesisII_non_plastidic_",0.356270637913637,11.6426967423327,0.0384701137067584,0.638615587034863
"PWY4FS_7_phosphatidylglycerolbiosynthesisI_plastidic_",0.356269550497202,11.6426967423327,0.0385978252690939,0.638615587034863
"PWY_5850_superpathwayofmenaquinol_6biosynthesisI",-1.06013663920508,4.90266434371365,0.0399766836394544,0.638615587034863
"PWY_5896_superpathwayofmenaquinol_10biosynthesis",-1.06016399202041,4.90266434371365,0.0400905253968093,0.638615587034863
"THREOCAT_PWY_superpathwayofL_threoninemetabolism",-0.877201670422886,4.0383042822939,0.0415560002412435,0.638615587034863
"PWY_6353_purinenucleotidesdegradationII_aerobic_",0.341324762986772,11.4264120622584,0.0416013918508578,0.638615587034863
"PWY0_1296_purineribonucleosidesdegradation",0.257821877965166,13.5803321703086,0.0427483465328853,0.638615587034863
"GLUDEG_I_PWY_GABAshunt",-0.906189865136886,7.62446418058031,0.0440188984880659,0.638615587034863
"PWY_6606_guanosinenucleotidesdegradationII",0.369246443741684,10.5958119802828,0.0470415926196742,0.638615587034863
"PWY_821_superpathwayofsulfuraminoacidbiosynthesis_Saccharomycescerevisiae_",1.17556900976707,6.8551688873871,0.0490134578288797,0.638615587034863
"PWY3O_355_stearatebiosynthesisIII_fungi_",1.02324830453788,5.27138688704642,0.0513994458995344,0.638615587034863
"PWY_4722_creatininedegradationII",0.831431364484166,4.4072272220386,0.0525612448521095,0.638615587034863
"COBALSYN_PWY_adenosylcobalaminsalvagefromcobinamideI",0.241196375696322,12.909680673431,0.0539807345271245,0.638615587034863
"ARGDEG_PWY_superpathwayofL_arginine_putrescine_and4_aminobutanoatedegradation",0.886903191643911,4.43369132965462,0.0545316931354114,0.638615587034863
"ORNARGDEG_PWY_superpathwayofL_arginineandL_ornithinedegradation",0.886815524670836,4.43369132965462,0.0547179645882108,0.638615587034863
"PWY_5028_L_histidinedegradationII",0.82597878656374,4.01093376723378,0.0547339460947303,0.638615587034863
"PWY_1861_formaldehydeassimilationII_RuMPCycle_",0.527038958398671,11.8898239521698,0.0557965824912332,0.638615587034863
"PWY_5860_superpathwayofdemethylmenaquinol_6biosynthesisI",-0.92614475833655,4.64200705295699,0.0570922587442736,0.638615587034863
"P23_PWY_reductiveTCAcycleI",0.901822679868773,4.71530486916062,0.0584870710898266,0.638615587034863
"PWY_5747_2_methylcitratecycleII",-0.870959702766832,4.91146939823153,0.0618822548088594,0.657906077441558
"UDPNAGSYN_PWY_UDP_N_acetyl_D_glucosaminebiosynthesisI",-0.308625670519803,12.2522276998509,0.0636892888600488,0.659737360342513
"GLCMANNANAUT_PWY_superpathwayofN_acetylglucosamine_N_acetylmannosamineandN_acetylneuraminatedegradation",0.296410681973532,11.5584610846433,0.0653205307269815,0.659737360342513
"PWY_5022_4_aminobutanoatedegradationV",-0.815379831756191,7.54051459019862,0.0712854006106348,0.684190966054596
"PWY1G_0_mycothiolbiosynthesis",-0.818021798282088,4.00109750620957,0.0720874257490495,0.684190966054596
"METH_ACETATE_PWY_methanogenesisfromacetate",0.446928330722488,10.9000449886842,0.0735046080987048,0.684190966054596
"P125_PWY_superpathwayof_R_R__butanediolbiosynthesis",0.929324295121065,5.36080296440315,0.0784431940635526,0.684190966054596
"PWY_5920_superpathwayofhemebiosynthesisfromglycine",-0.89365536539162,5.15545883689701,0.0813353038068112,0.684190966054596
"TRPSYN_PWY_L_tryptophanbiosynthesis",0.196822470727104,13.0959378132108,0.0815631451325812,0.684190966054596
"P122_PWY_heterolacticfermentation",1.07020297626314,5.99755006080278,0.0821036010656051,0.684190966054596
"PWY_6953_dTDP_3_acetamido_3_6_dideoxy__alpha__D_galactosebiosynthesis",-1.12334744133155,5.98846616673988,0.0827109401058185,0.684190966054596
"P164_PWY_purinenucleobasesdegradationI_anaerobic_",0.376831772737503,10.792024530822,0.0829835577640476,0.684190966054596
"PWY0_1061_superpathwayofL_alaninebiosynthesis",-0.410893598780888,11.7444111053274,0.0856079095338947,0.686456389072951
"PWY_7383_anaerobicenergymetabolism_invertebrates_cytosol_",-0.40693340770562,10.7494625001741,0.0866566233730705,0.686456389072951
"PWY_4321_L_glutamatedegradationIV",0.705910610992967,3.98633432347499,0.0903983044408936,0.697630402953935
"PWY66_391_fattyacid_beta__oxidationVI_peroxisome_",0.900775986819946,6.02924358759521,0.0915208201895013,0.697630402953935
"PWY_6572_chondroitinsulfatedegradationI_bacterial_",0.830135693006006,5.49985769796428,0.0951551616768203,0.711901579952507
"3_HYDROXYPHENYLACETATE_DEGRADATION_PWY_4_hydroxyphenylacetatedegradation",0.696468612093876,3.98216192396744,0.100611266564483,0.71768860977334
"PWY_7560_methylerythritolphosphatepathwayII",-0.594971055129647,10.8266524442053,0.102155372936036,0.71768860977334
"PWY_5913_TCAcycleVI_obligateautotrophs_",-0.440271949480349,10.8720919471756,0.104112846087013,0.71768860977334
"PWY_7315_dTDP_N_acetylthomosaminebiosynthesis",-0.803408120294219,9.18765695858797,0.1052748737383,0.71768860977334
"PWY_7357_thiaminformationfrompyrithiamineandoxythiamine_yeast_",0.171190327727468,13.1777899641587,0.106480186324898,0.71768860977334
"PWY_6270_isoprenebiosynthesisI",-0.58772818332881,10.956248758354,0.108543143937523,0.71768860977334
"PWY490_3_nitratereductionVI_assimilatory_",-0.701950225774185,4.26992112689568,0.1089350876595,0.71768860977334
"PWY_7288_fattyacid_beta__oxidation_peroxisome_yeast_",0.818459492076037,5.71910730774931,0.110140331202839,0.71768860977334
"PWY_6609_adenineandadenosinesalvageIII",0.175119530167589,13.7939310706996,0.116160176256701,0.744900177900116
"GOLPDLCAT_PWY_superpathwayofglyceroldegradationto1_3_propanediol",0.349079664660277,10.0224327829688,0.119495970499139,0.750453976374328
"PHOSLIPSYN_PWY_superpathwayofphospholipidbiosynthesisI_bacteria_",0.273971710086192,11.9360866116398,0.124108400881724,0.750453976374328
"PWY0_1479_tRNAprocessing",-0.481042104560939,9.82891795435343,0.124195922449051,0.750453976374328
"GLYCOLYSIS_E_D_superpathwayofglycolysisandEntner_Doudoroff",-0.335292588480184,10.697957959848,0.125449203150772,0.750453976374328
"PWY_5484_glycolysisII_fromfructose6_phosphate_",-0.228130727482382,12.1512352011839,0.129432759488787,0.750453976374328
"P461_PWY_hexitolfermentationtolactate_formate_ethanolandacetate",0.382040708154244,11.3434402341979,0.130796713192096,0.750453976374328
"PWY0_162_superpathwayofpyrimidineribonucleotidesdenovobiosynthesis",-0.173797992094083,11.5986638008028,0.131741655106847,0.750453976374328
"PWY_7117_C4photosyntheticcarbonassimilationcycle_PEPCKtype",-0.385088284792323,11.1746037052209,0.131886713669746,0.750453976374328
"PWY_5384_sucrosedegradationIV_sucrosephosphorylase_",-0.404725158130216,11.0421338244509,0.136457256099487,0.752263979813761
"PWY_6143_CMP_pseudaminatebiosynthesis",-0.808272281022893,5.75177576786352,0.139279151305552,0.752263979813761
"PWY_6285_superpathwayoffattyacidsbiosynthesis_E_coli_",0.886218256718807,5.92291000929849,0.1416954150893,0.752263979813761
"SALVADEHYPOX_PWY_adenosinenucleotidesdegradationII",0.251414215145157,11.0384478337978,0.142632239410302,0.752263979813761
"PWY66_400_glycolysisVI_metazoan_",-0.272980570206989,12.3645885594395,0.144396866472428,0.752263979813761
"PWY_7234_inosine_5__phosphatebiosynthesisIII",-0.374109317123837,11.6304406791482,0.145900329615947,0.752263979813761
"RUMP_PWY_formaldehydeoxidationI",0.58527196644451,9.13208209726465,0.147562031479014,0.752263979813761
"PWY0_881_superpathwayoffattyacidbiosynthesisI_E_coli_",0.884466953092677,6.14836127351751,0.150432887839325,0.752263979813761
"GLYCOLYSIS_glycolysisI_fromglucose6_phosphate_",-0.210965152001039,12.3416632884634,0.150693521106361,0.752263979813761
"PWY_6892_thiazolebiosynthesisI_E_coli_",0.203395438172683,12.4043282059265,0.153891690264095,0.752263979813761
"LPSSYN_PWY_superpathwayoflipopolysaccharidebiosynthesis",-0.590538768377743,3.94551846666021,0.159079038843767,0.752263979813761
"PWY_7374_1_4_dihydroxy_6_naphthoatebiosynthesisI",-0.61682975557638,3.98150209185718,0.161129974104036,0.752263979813761
"PWY_6527_stachyosedegradation",0.179015451479569,12.8005540950023,0.161545095069319,0.752263979813761
"GLYCOGENSYNTH_PWY_glycogenbiosynthesisI_fromADP_D_Glucose_",0.169277883840165,13.0858816998288,0.161747491965398,0.752263979813761
"P124_PWY_Bifidobacteriumshunt",-0.463158534940229,10.7470767919989,0.161876260734737,0.752263979813761
"OANTIGEN_PWY_O_antigenbuildingblocksbiosynthesis_E_coli_",-0.176681476326663,12.6262305594048,0.163626974011849,0.752263979813761
"PWY0_1319_CDP_diacylglycerolbiosynthesisII",0.140218207306687,13.1886575107384,0.168547425429127,0.752263979813761
"PWY66_389_phytoldegradation",0.693053708059137,4.85429250779872,0.168843223113115,0.752263979813761
"PWY_4041__gamma__glutamylcycle",-0.261167826008131,11.0067059396249,0.169154536129989,0.752263979813761
"PWY_5667_CDP_diacylglycerolbiosynthesisI",0.14022216128338,13.1886575107384,0.169912297914999,0.752263979813761
"FUCCAT_PWY_fucosedegradation",0.320465099555715,9.44270338370871,0.17130763896749,0.752263979813761
"PWY_7031_proteinN_glycosylation_bacterial_",-0.567285058436035,3.95445346356134,0.18467648753894,0.802250548018622
"PWY_5676_acetyl_CoAfermentationtobutanoateII",0.25204020677575,11.084373468108,0.189111129253728,0.802698676399087
"PWY_6174_mevalonatepathwayII_archaea_",-0.543340137272312,3.96026278668749,0.189977903132896,0.802698676399087
"PWY0_1297_superpathwayofpurinedeoxyribonucleosidesdegradation",0.362454228880963,10.3263870083752,0.191020978765848,0.802698676399087
"PWY_7210_pyrimidinedeoxyribonucleotidesbiosynthesisfromCTP",0.64674246742424,8.27061710998344,0.192727157452256,0.802698676399087
"PWY_6470_peptidoglycanbiosynthesisV__beta__lactamresistance_",0.300543967027706,11.0412227577843,0.201564881742148,0.813560814510307
"P4_PWY_superpathwayofL_lysine_L_threonineandL_methioninebiosynthesisI",-0.272812585081014,11.4599324619793,0.202312433031569,0.813560814510307
"NONOXIPENT_PWY_pentosephosphatepathway_non_oxidativebranch_",0.170113327379845,12.9313823097759,0.205602123010234,0.813560814510307
"ENTBACSYN_PWY_enterobactinbiosynthesis",-0.747482613029497,5.58234465115116,0.206580818854137,0.813560814510307
"PWY_5464_superpathwayofcytosolicglycolysis_plants__pyruvatedehydrogenaseandTCAcycle",-0.719206555895258,6.39272326987379,0.207067052690097,0.813560814510307
"PWY_5367_petroselinatebiosynthesis",0.513708635560455,9.20542110132809,0.207667557051971,0.813560814510307
"PWY0_166_superpathwayofpyrimidinedeoxyribonucleotidesdenovobiosynthesis_E_coli_",-0.173811797518717,11.5835242988052,0.210173722351795,0.813560814510307
"PWY_5910_superpathwayofgeranylgeranyldiphosphatebiosynthesisI_viamevalonate_",-0.512279537315619,3.9526277998113,0.212342559068702,0.813560814510307
"PWY_6897_thiaminsalvageII",-0.141638705114245,12.2099383047275,0.213459025589338,0.813560814510307
"PWY_5104_L_isoleucinebiosynthesisIV",0.235714213770336,11.5198291682562,0.219290038528145,0.822546369523617
"NONMEVIPP_PWY_methylerythritolphosphatepathwayI",-0.426869261077386,11.8002490962434,0.225236338224197,0.822546369523617
"PWY_7187_pyrimidinedeoxyribonucleotidesdenovobiosynthesisII",-0.16335018707594,11.6116623935021,0.225535299486444,0.822546369523617
"ASPASN_PWY_superpathwayofL_aspartateandL_asparaginebiosynthesis",0.138609210714325,11.8939933347624,0.226083698857297,0.822546369523617
"PWY_6317_galactosedegradationI_Leloirpathway_",0.137808430917319,12.8241166177927,0.227224792525423,0.822546369523617
"PWY_6562_norspermidinebiosynthesis",-0.637989768792626,5.20503582831845,0.228491091324408,0.822546369523617
"PWY_4981_L_prolinebiosynthesisII_fromarginine_",-0.280565697396089,11.7218176656334,0.231366685423159,0.822546369523617
"PWY0_1241_ADP_L_glycero__beta__D_manno_heptosebiosynthesis",-0.48580318181835,8.16799796631575,0.2328197831882,0.822546369523617
"THRESYN_PWY_superpathwayofL_threoninebiosynthesis",-0.133493802703223,12.6642683966992,0.234140674493109,0.822546369523617
"PWY0_42_2_methylcitratecycleI",-0.567795629878482,4.78211860001089,0.242582102921459,0.842464235160315
"HISTSYN_PWY_L_histidinebiosynthesis",-0.10504873261595,13.1107692284061,0.245014576524329,0.842464235160315
"PWY_5088_L_glutamatedegradationVIII_topropanoate_",0.456228988691648,3.91937407339152,0.246066286507221,0.842464235160315
"DAPLYSINESYN_PWY_L_lysinebiosynthesisI",-0.199903115162567,12.0888340979256,0.250215547154955,0.846648190367497
"P105_PWY_TCAcycleIV_2_oxoglutaratedecarboxylase_",-0.681107735504236,6.00393982448903,0.251479660505197,0.846648190367497
"PENTOSE_P_PWY_pentosephosphatepathway",-0.212887391833946,11.3889212586005,0.256140872224258,0.848500685497878
"PWY_7184_pyrimidinedeoxyribonucleotidesdenovobiosynthesisI",-0.198252534750534,10.9020662235716,0.256905174357826,0.848500685497878
"PWY_2723_trehalosedegradationV",-0.455418965335025,10.578234526808,0.258330654248116,0.848500685497878
"THISYNARA_PWY_superpathwayofthiamindiphosphatebiosynthesisIII_eukaryotes_",-0.133050182624881,12.1833041813019,0.260656607225309,0.849236042895363
"PWY_7312_dTDP_D__beta__fucofuranosebiosynthesis",-0.664286986381408,6.48641745752336,0.283077094756263,0.899216632973966
"PWY66_399_gluconeogenesisIII",-0.25775038456483,10.8434197529619,0.284007228077989,0.899216632973966
"PWY_5695_uratebiosynthesis_inosine5__phosphatedegradation",0.0819121755889888,13.2898788771236,0.284324504405007,0.899216632973966
"DENOVOPURINE2_PWY_superpathwayofpurinenucleotidesdenovobiosynthesisII",-0.141331285730921,11.8614345336906,0.284900319358088,0.899216632973966
"PWY_6545_pyrimidinedeoxyribonucleotidesdenovobiosynthesisIII",-0.176352619516904,10.7889179296674,0.290151439529445,0.908691329999192
"PWY_922_mevalonatepathwayI",-0.414897237176289,3.92947887055546,0.300815674679955,0.923947209976373
"PWY_7111_pyruvatefermentationtoisobutanol_engineered_",-0.077054591146149,13.5170717504369,0.301175091812484,0.923947209976373
"PWY_841_superpathwayofpurinenucleotidesdenovobiosynthesisI",-0.144001322929072,11.7615048459543,0.30966179156535,0.923947209976373
"PWY_3001_superpathwayofL_isoleucinebiosynthesisI",-0.102461555574091,12.8743318745915,0.310200268579758,0.923947209976373
"PWY_6588_pyruvatefermentationtoacetone",-0.413190719018986,7.9175627653574,0.31095159309207,0.923947209976373
"PWY_7197_pyrimidinedeoxyribonucleotidephosphorylation",-0.198513239794729,10.3493406762594,0.313233992775199,0.923947209976373
"TEICHOICACID_PWY_teichoicacid_poly_glycerol_biosynthesis",0.177437265179111,10.5224616913319,0.313276934494831,0.923947209976373
"PWY_6891_thiazolebiosynthesisII_Bacillus_",0.282914912585481,10.6396314978989,0.314985241446074,0.923947209976373
"GLUCOSE1PMETAB_PWY_glucoseandglucose_1_phosphatedegradation",-0.393973627659253,10.449824744415,0.318120296549274,0.923947209976373
"P621_PWY_nylon_6oligomerdegradation",0.445987888573462,4.3803080735609,0.31867384706634,0.923947209976373
"ANAEROFRUCAT_PWY_homolacticfermentation",-0.107675949543042,12.6290314079075,0.320179726229436,0.923947209976373
"PWY_6305_putrescinebiosynthesisIV",0.129971021604873,11.8226956321944,0.324058087803341,0.928506861507446
"PWY_7228_superpathwayofguanosinenucleotidesdenovobiosynthesisI",-0.167914318179176,11.3145452738023,0.333021335781581,0.94710719900466
"PWY_6749_CMP_legionaminatebiosynthesisI",0.507946224594491,5.60710239842958,0.335238439251649,0.94710719900466
"PWY_7237_myo__chiro_andscillo_inositoldegradation",0.191116170799271,12.6628786870065,0.346990808273619,0.973501989878763
"PWY0_1586_peptidoglycanmaturation_meso_diaminopimelatecontaining_",-0.110913142093785,12.8846253228476,0.353930661709952,0.985208698170208
"PWY_7003_glyceroldegradationtobutanol",-0.39614580941592,9.00754401050977,0.359559917120226,0.985208698170208
"GLUTORN_PWY_L_ornithinebiosynthesis",0.0928893204020188,13.4075197537719,0.363342256841518,0.985208698170208
"PWY_5121_superpathwayofgeranylgeranyldiphosphatebiosynthesisII_viaMEP_",-0.293250666931853,9.92717373177963,0.365565805885892,0.985208698170208
"PWY_5392_reductiveTCAcycleII",0.404876717531268,4.19737858602366,0.367966404485327,0.985208698170208
"PWY_7294_xylosedegradationIV",-0.386680742703812,3.90576230927922,0.37069477347736,0.985208698170208
"PWY_6125_superpathwayofguanosinenucleotidesdenovobiosynthesisII",-0.145011477125321,11.4307921445837,0.375045915203814,0.985208698170208
"PWY_7385_1_3_propanediolbiosynthesis_engineered_",0.436983527254602,5.0184078152399,0.387150510797657,0.985208698170208
"VALSYN_PWY_L_valinebiosynthesis",-0.0629296428452127,13.4991293848519,0.388049658207438,0.985208698170208
"ILEUSYN_PWY_L_isoleucinebiosynthesisI_fromthreonine_",-0.0629307096719212,13.4991293848519,0.388810120517299,0.985208698170208
"CALVIN_PWY_Calvin_Benson_Basshamcycle",0.0919740434965119,13.1860168594805,0.389235596822427,0.985208698170208
"PWY_5941_glycogendegradationII_eukaryotic_",0.451356997448912,9.62710144568646,0.390414326012736,0.985208698170208
"ALLANTOINDEG_PWY_superpathwayofallantoindegradationinyeast",0.423419694543701,5.05278589404626,0.391162031336085,0.985208698170208
"PWY_6936_seleno_aminoacidbiosynthesis",0.0923778947544201,12.8105156314478,0.391674050410086,0.985208698170208
"PWY_7328_superpathwayofUDP_glucose_derivedO_antigenbuildingblocksbiosynthesis",-0.31816656452964,10.3487896922102,0.395690057304322,0.985208698170208
"PWY_5656_mannosylglyceratebiosynthesisI",0.379133413893605,4.25672592989185,0.401056820769424,0.985208698170208
"PWY_6612_superpathwayoftetrahydrofolatebiosynthesis",0.330321923547023,9.43467978300193,0.40151039471774,0.985208698170208
"FERMENTATION_PWY_mixedacidfermentation",-0.188772038423574,10.7863730903201,0.404247064384011,0.985208698170208
"ANAGLYCOLYSIS_PWY_glycolysisIII_fromglucose_",-0.0715415834462675,13.0903348109445,0.404643538752385,0.985208698170208
"PWY_7198_pyrimidinedeoxyribonucleotidesdenovobiosynthesisIV",-0.172888818114282,10.535227857476,0.405389741975173,0.985208698170208
"HSERMETANA_PWY_L_methioninebiosynthesisIII",0.0929602308263904,13.0439157432781,0.406762937954358,0.985208698170208
"PWY66_422_D_galactosedegradationV_Leloirpathway_",0.0877869052455226,12.9943651707574,0.410666359914982,0.985208698170208
"PWY_622_starchbiosynthesis",-0.34536732664713,10.7903109408264,0.412477679745061,0.985208698170208
"PWY66_388_fattyacid_alpha__oxidationIII",0.304135151426824,3.9014979455836,0.416995802445638,0.985208698170208
"PWY_6901_superpathwayofglucoseandxylosedegradation",-0.147428050332497,11.5897910358723,0.420491794598976,0.985208698170208
"P42_PWY_incompletereductiveTCAcycle",-0.363893167564004,8.16302102259569,0.425076826922186,0.985208698170208
"PWY_5994_palmitatebiosynthesisI_animalsandfungi_",0.395635136017233,7.797917226414,0.430532021911999,0.985208698170208
"NAGLIPASYN_PWY_lipidIVAbiosynthesis",-0.289890240407404,10.1290055095993,0.434556329557271,0.985208698170208
"FOLSYN_PWY_superpathwayoftetrahydrofolatebiosynthesisandsalvage",0.310182171808239,9.93246978808263,0.435492711668282,0.985208698170208
"PWY_6263_superpathwayofmenaquinol_8biosynthesisII",0.416544249785542,6.90472282180228,0.4363447007654,0.985208698170208
"KETOGLUCONMET_PWY_ketogluconatemetabolism",-0.45526825134551,6.12703459118466,0.436456591837991,0.985208698170208
"PWY_6478_GDP_D_glycero__alpha__D_manno_heptosebiosynthesis",-0.408970444569025,5.19651833008162,0.441449315808184,0.985208698170208
"ORNDEG_PWY_superpathwayofornithinedegradation",0.444020434065232,5.33174131163742,0.443013104067243,0.985208698170208
"PWY0_862__5Z__dodec_5_enoatebiosynthesis",-0.214306412355984,9.98953244910653,0.444722472387023,0.985208698170208
"GLUCONEO_PWY_gluconeogenesisI",-0.106268196971191,11.9094091967395,0.44706865263969,0.985208698170208
"PWY_5705_allantoindegradationtoglyoxylateIII",-0.298006248428014,3.88690562397071,0.451602955950266,0.985208698170208
"PWY_561_superpathwayofglyoxylatecycleandfattyaciddegradation",-0.422601388858148,5.50105018745696,0.453746629787879,0.985208698170208
"PWY_7664_oleatebiosynthesisIV_anaerobic_",-0.206107105596028,10.0719262643769,0.455098002001241,0.985208698170208
"PRPP_PWY_superpathwayofhistidine_purine_andpyrimidinebiosynthesis",-0.152479844695646,11.2944203353268,0.455668423135873,0.985208698170208
"PYRIDNUCSAL_PWY_NADsalvagepathwayI",-0.300770021608441,11.0072332034398,0.456766058665935,0.985208698170208
"PWY0_781_aspartatesuperpathway",-0.203312794280897,11.1321698659398,0.456798163775641,0.985208698170208
"RHAMCAT_PWY_L_rhamnosedegradationI",0.103543859417499,10.7654530032201,0.456815295637022,0.985208698170208
"AST_PWY_L_argininedegradationII_ASTpathway_",-0.3219886648414,4.39968693085139,0.459598381423334,0.985208698170208
"PWY_7115_C4photosyntheticcarbonassimilationcycle_NAD_MEtype",-0.195366725895497,10.5316065544172,0.460605342796422,0.985208698170208
"FASYN_ELONG_PWY_fattyacidelongation__saturated",-0.200975530216322,10.1400667152363,0.460902088995469,0.985208698170208
"GLYCOCAT_PWY_glycogendegradationI_bacterial_",-0.284455026212909,11.2295941344311,0.469195695872139,0.994243857404902
"PYRIDOXSYN_PWY_pyridoxal5__phosphatebiosynthesisI",-0.277790677936422,9.97054912418835,0.475151076995845,0.994243857404902
"TRNA_CHARGING_PWY_tRNAcharging",-0.0594753597662743,13.3137650548592,0.476295718049857,0.994243857404902
"PWY0_1415_superpathwayofhemebiosynthesisfromuroporphyrinogen_III",-0.373435361213595,5.36287080138185,0.477533663858296,0.994243857404902
"METHGLYUT_PWY_superpathwayofmethylglyoxaldegradation",0.291225994885492,7.05090798610515,0.481290376082757,0.994243857404902
"PWY0_1261_anhydromuropeptidesrecycling",-0.126994721723177,11.3896253961116,0.486417106761011,0.994243857404902
"GLUCARGALACTSUPER_PWY_superpathwayofD_glucarateandD_galactaratedegradation",-0.336229893737851,6.69825075590013,0.48700715585514,0.994243857404902
"GALACTARDEG_PWY_D_galactaratedegradationI",-0.336222925578183,6.69825075590013,0.487143118091734,0.994243857404902
"PWYG_321_mycolatebiosynthesis",-0.189832532795033,10.2388840959289,0.495098908747302,0.994243857404902
"PWY_6595_superpathwayofguanosinenucleotidesdegradation_plants_",0.27003205666987,8.67708677368907,0.495305501464313,0.994243857404902
"PWY_6282_palmitoleatebiosynthesisI_from_5Z__dodec_5_enoate_",-0.185385938070003,9.95479251219182,0.495381425593981,0.994243857404902
"PWY_6151_S_adenosyl_L_methioninecycleI",-0.0689948939157647,13.3742659965171,0.496278708308902,0.994243857404902
"PPGPPMET_PWY_ppGppbiosynthesis",0.174070333898838,10.766810942234,0.497121928702451,0.994243857404902
"PWY1F_823_leucopelargonidinandleucocyanidinbiosynthesis",0.346070692084252,3.87346373653879,0.514034001229787,1
"SO4ASSIM_PWY_sulfatereductionI_assimilatory_",0.311314547085414,8.41021414135126,0.515185367505178,1
"PWY_7204_pyridoxal5__phosphatesalvageII_plants_",0.285322710842953,4.60278193257961,0.515299528688539,1
"PWY_5103_L_isoleucinebiosynthesisIII",-0.0615793293564893,13.1258638461711,0.518742432697955,1
"PWY_7392_taxadienebiosynthesis_engineered_",-0.266933980924989,9.11717729773923,0.520016971772667,1
"PWY_1269_CMP_3_deoxy_D_manno_octulosonatebiosynthesisI",-0.171107957666911,10.3851286167794,0.520817434346672,1
"PWY_6519_8_amino_7_oxononanoatebiosynthesisI",-0.167858853122119,9.93360761430042,0.527244169155024,1
"PWY_5188_tetrapyrrolebiosynthesisI_fromglutamate_",0.0867006854233481,11.9624441761793,0.529711568591506,1
"PWY_1042_glycolysisIV_plantcytosol_",0.056611198750717,13.6971288159232,0.536666011310838,1
"BRANCHED_CHAIN_AA_SYN_PWY_superpathwayofbranchedaminoacidbiosynthesis",-0.0542604884152225,13.1944025154154,0.537346745051256,1
"PANTOSYN_PWY_pantothenateandcoenzymeAbiosynthesisI",0.0512897838901681,12.9407419037596,0.537530433789612,1
"PWY0_1277_3_phenylpropanoateand3__3_hydroxyphenyl_propanoatedegradation",0.296767842327809,4.27507327297902,0.540363988033995,1
"PWY_6284_superpathwayofunsaturatedfattyacidsbiosynthesis_E_coli_",0.232237248170035,9.21994932926417,0.540624711946597,1
"PWY_5177_glutaryl_CoAdegradation",0.102629585234066,10.8449884803764,0.541032429047688,1
"SER_GLYSYN_PWY_superpathwayofL_serineandglycinebiosynthesisI",-0.0734200370947325,12.8119731449222,0.544906124078742,1
"PWY_6737_starchdegradationV",-0.0506175512465602,13.7144348063618,0.546102438170442,1
"PWY_7371_1_4_dihydroxy_6_naphthoatebiosynthesisII",0.316648302266615,6.83467769461241,0.549478464531519,1
"PWY_7663_gondoatebiosynthesis_anaerobic_",-0.115093786762394,11.1179403584352,0.550864885794067,1
"PWY_6703_preQ0biosynthesis",0.063307220201833,11.8857432150226,0.553923975024131,1
"PANTO_PWY_phosphopantothenatebiosynthesisI",0.0556887360673351,12.8481823125453,0.559239262192287,1
"PWY3DJ_35471_L_ascorbatebiosynthesisIV",-0.260300107500404,4.3713316677897,0.563564681005319,1
"PWY_5189_tetrapyrrolebiosynthesisII_fromglycine_",-0.274320947272232,7.36629684431002,0.564485920151812,1
"PWY_5723_Rubiscoshunt",0.343498852266732,7.22872151291729,0.564686054480237,1
"P221_PWY_octaneoxidation",-0.206273317571436,4.02917030637531,0.566078779212395,1
"PWY_6700_queuosinebiosynthesis",0.0478999021643907,13.1973875753527,0.576175179525765,1
"PWY_5415_catecholdegradationI_meta_cleavagepathway_",-0.301826107234302,3.86570670679441,0.578291323650771,1
"PWY_6628_superpathwayofL_phenylalaninebiosynthesis",-0.332019866436752,7.67855527778714,0.580199200090921,1
"P185_PWY_formaldehydeassimilationIII_dihydroxyacetonecycle_",0.14265985292916,10.1352611561918,0.580489270105511,1
"PWY_7165_L_ascorbatebiosynthesisVI_engineeredpathway_",0.304064434913119,3.87309294807223,0.583405190638619,1
"PWY_7323_superpathwayofGDP_mannose_derivedO_antigenbuildingblocksbiosynthesis",0.1082839817777,10.6920175802444,0.584068619583178,1
"REDCITCYC_TCAcycleVIII_helicobacter_",-0.275194438096518,5.18717635939087,0.588075677618823,1
"PWY_621_sucrosedegradationIII_sucroseinvertase_",-0.0923866143985472,11.9123881499343,0.59283251988401,1
"PROPFERM_PWY_L_alaninefermentationtopropanoateandacetate",0.292683507408651,5.19510912088067,0.60002600952496,1
"PWY_7208_superpathwayofpyrimidinenucleobasessalvage",-0.0788149233328905,11.1985264027342,0.603747203985998,1
"COA_PWY_coenzymeAbiosynthesisI",0.045908771607611,13.2708822039616,0.605698868489288,1
"PWY_5855_ubiquinol_7biosynthesis_prokaryotic_",0.23022765057988,4.10259071675037,0.614310912185714,1
"PWY_5856_ubiquinol_9biosynthesis_prokaryotic_",0.230099847115581,4.10259071675037,0.614596009312141,1
"PWY_5857_ubiquinol_10biosynthesis_prokaryotic_",0.229923552147433,4.10259071675037,0.614990655804053,1
"PWY_6708_ubiquinol_8biosynthesis_prokaryotic_",0.229632274518195,4.10259071675037,0.61564622478167,1
"PWY_6629_superpathwayofL_tryptophanbiosynthesis",-0.310356891402177,6.81159345656839,0.615746009337061,1
"PWY_6876_isopropanolbiosynthesis",0.256719929123519,4.9192020011299,0.626174616425903,1
"PWY_7456_mannandegradation",-0.100850668191756,10.718939103514,0.627081500846852,1
"PWY_7254_TCAcycleVII_acetate_producers_",0.26925170393124,6.17909056034765,0.631225835732672,1
"FUC_RHAMCAT_PWY_superpathwayoffucoseandrhamnosedegradation",0.136028735218998,9.50909425743732,0.632296286515407,1
"PWY_5505_L_glutamateandL_glutaminebiosynthesis",0.142677954612902,10.2312481787872,0.633533428535061,1
"NAD_BIOSYNTHESIS_II_NADsalvagepathwayII",-0.238602308394144,8.87614980860379,0.637625431337294,1
"PWY_241_C4photosyntheticcarbonassimilationcycle_NADP_MEtype",-0.110383305919276,10.8362226996686,0.640831162407518,1
"SULFATE_CYS_PWY_superpathwayofsulfateassimilationandcysteinebiosynthesis",0.22700456673768,9.34849329388176,0.647811165089557,1
"PWY0_845_superpathwayofpyridoxal5__phosphatebiosynthesisandsalvage",-0.173068401169983,10.2693164404923,0.648884568357194,1
"PWY_6630_superpathwayofL_tyrosinebiosynthesis",-0.262326445111607,6.54859873012261,0.659448625580942,1
"P162_PWY_L_glutamatedegradationV_viahydroxyglutarate_",0.220540525695948,4.54034953922792,0.660838499549502,1
"PWY_5345_superpathwayofL_methioninebiosynthesis_bysulfhydrylation_",0.216677613740914,9.57572304913524,0.665565961228682,1
"PWY_2941_L_lysinebiosynthesisII",-0.1099708751963,10.8825927718033,0.665897903316161,1
"PWY_5005_biotinbiosynthesisII",0.139672058048073,10.1858035567078,0.673371241491166,1
"CENTFERM_PWY_pyruvatefermentationtobutanoate",-0.100538871482599,9.45184188329491,0.677371675475366,1
"PWY_6590_superpathwayofClostridiumacetobutylicumacidogenicfermentation",-0.0995162824208168,9.74148745391361,0.679864442512076,1
"PWY_6803_phosphatidylcholineacylediting",-0.204491849563359,5.47938324844625,0.682453595394697,1
"PWY_5840_superpathwayofmenaquinol_7biosynthesis",-0.239964892569148,6.08261343381513,0.684677095813981,1
"COMPLETE_ARO_PWY_superpathwayofaromaticaminoacidbiosynthesis",0.0324506874874815,13.497922217116,0.685096349564662,1
"PWY_6969_TCAcycleV_2_oxoglutarate_ferredoxinoxidoreductase_",-0.184816445982183,9.12004265536297,0.687178263465739,1
"ECASYN_PWY_enterobacterialcommonantigenbiosynthesis",-0.210186419638292,4.20422959134591,0.691941436874617,1
"PWY_5973_cis_vaccenatebiosynthesis",-0.0690602350346729,11.3161823057095,0.699735760527981,1
"PWY_6549_L_glutaminebiosynthesisIII",-0.0776910108169989,10.4979626170646,0.704975824331167,1
"PWY_7211_superpathwayofpyrimidinedeoxyribonucleotidesdenovobiosynthesis",-0.0692029407087573,10.8228008207315,0.707408280987532,1
"PWY0_1338_polymyxinresistance",-0.157518734182414,4.06748622981987,0.709095167404253,1
"PWY_5136_fattyacid_beta__oxidationII_peroxisome_",0.189603510189292,7.56329013382953,0.712463794992439,1
"PWY_5138_unsaturated_evennumberedfattyacid_beta__oxidation",0.210163748328891,7.26546812923213,0.714539938169659,1
"PWY_7209_superpathwayofpyrimidineribonucleosidesdegradation",-0.166902445590549,9.00433873704989,0.716123972721561,1
"PWY_724_superpathwayofL_lysine_L_threonineandL_methioninebiosynthesisII",-0.0349778603458156,13.0194577478603,0.717750063034826,1
"HOMOSER_METSYN_PWY_L_methioninebiosynthesisI",0.0720414954308232,10.9618162875142,0.721629383213188,1
"BIOTIN_BIOSYNTHESIS_PWY_biotinbiosynthesisI",-0.0876568087462005,10.1018578291635,0.726804331804104,1
"GLUCUROCAT_PWY_superpathwayof_beta__D_glucuronideandD_glucuronatedegradation",-0.0690377267515941,10.4177098879467,0.731661149507803,1
"TCA_GLYOX_BYPASS_superpathwayofglyoxylatebypassandTCA",0.18304386089059,6.18559308682904,0.731803597912332,1
"PWY_5265_peptidoglycanbiosynthesisII_staphylococci_",0.220580174224912,6.13257739992497,0.731995908414093,1
"RIBOSYN2_PWY_flavinbiosynthesisI_bacteriaandplants_",0.0321277923331857,12.9813230071919,0.734027732344162,1
"PWY_6168_flavinbiosynthesisIII_fungi_",0.0337870864031382,12.9160267370468,0.740080905184399,1
"HEME_BIOSYNTHESIS_II_hemebiosynthesisI_aerobic_",-0.142715270584736,6.3840727900247,0.740877528342533,1
"PWY_6859_all_trans_farnesolbiosynthesis",0.130963162254305,9.06529478233029,0.744702220171496,1
"GLUCARDEG_PWY_D_glucaratedegradationI",-0.166701064753333,6.40759381818219,0.747288929020932,1
"PWY_7094_fattyacidsalvage",0.125067386024358,4.15015743272624,0.749531274690906,1
"FAO_PWY_fattyacid_beta__oxidationI",0.163970788149285,7.68951975750238,0.7511014071866,1
"ARGSYNBSUB_PWY_L_argininebiosynthesisII_acetylcycle_",0.0295557312509323,13.4129173759168,0.751887011758472,1
"MET_SAM_PWY_superpathwayofS_adenosyl_L_methioninebiosynthesis",0.0529483620322256,11.768244136799,0.756816250505924,1
"PWY_5347_superpathwayofL_methioninebiosynthesis_transsulfuration_",0.0513455720948801,11.674828996682,0.757665819762859,1
"ARO_PWY_chorismatebiosynthesisI",0.0237579264222661,13.5226709273241,0.759597173622274,1
"PYRIDNUCSYN_PWY_NADbiosynthesisI_fromaspartate_",0.0275032441627393,12.6883242886739,0.765408344597752,1
"PWY_7199_pyrimidinedeoxyribonucleosidessalvage",-0.0304766129261469,12.5994849927308,0.765591528904577,1
"ARG_POLYAMINE_SYN_superpathwayofarginineandpolyaminebiosynthesis",-0.130055346856255,9.08775738686096,0.767535005170857,1
"1CMET2_PWY_N10_formyl_tetrahydrofolatebiosynthesis",0.027575787961667,13.2215250046188,0.771366234542194,1
"HCAMHPDEG_PWY_3_phenylpropanoateand3__3_hydroxyphenyl_propanoatedegradationto2_oxopent_4_enoate",0.139804937410508,4.17747132963931,0.774979047976638,1
"PWY_6690_cinnamateand3_hydroxycinnamatedegradationto2_oxopent_4_enoate",0.139760878462851,4.17747132963931,0.775127486241486,1
"PWY_6123_inosine_5__phosphatebiosynthesisI",0.0253150809919155,12.8555565220012,0.7762819124773,1
"PWY_5861_superpathwayofdemethylmenaquinol_8biosynthesis",0.160859121200313,6.54835536448609,0.778309892885572,1
"PWY_7222_guanosinedeoxyribonucleotidesdenovobiosynthesisII",0.0325375752309908,12.5172344474313,0.778331702047722,1
"PWY_7220_adenosinedeoxyribonucleotidesdenovobiosynthesisII",0.0325202472024045,12.5172344474313,0.779714512778696,1
"CITRULBIO_PWY_L_citrullinebiosynthesis",0.0841299286235277,10.4407273463307,0.784166851523254,1
"PWY66_409_superpathwayofpurinenucleotidesalvage",0.0606563153689697,10.8687564090205,0.784614855980894,1
"HISDEG_PWY_L_histidinedegradationI",-0.0634029165033935,10.4061984390494,0.785190984668952,1
"UBISYN_PWY_superpathwayofubiquinol_8biosynthesis_prokaryotic_",0.136779465208248,4.12356309608442,0.787518900837476,1
"PWY_7388_octanoyl__acyl_carrierprotein_biosynthesis_mitochondria_yeast_",-0.0775057918379373,10.2312892364948,0.788652058424399,1
"METSYN_PWY_L_homoserineandL_methioninebiosynthesis",0.0471630755090555,11.6623918792276,0.791016909915424,1
"HEXITOLDEGSUPER_PWY_superpathwayofhexitoldegradation_bacteria_",0.0460885581908413,11.4636204699659,0.795676062936588,1
"FASYN_INITIAL_PWY_superpathwayoffattyacidbiosynthesisinitiation_E_coli_",-0.071873006675958,10.2749313539167,0.804517186142148,1
"PWY_5097_L_lysinebiosynthesisVI",0.0210292645870112,13.2938873601363,0.805581232043021,1
"PWY_5173_superpathwayofacetyl_CoAbiosynthesis",-0.130702183243667,5.83463186887278,0.805986795825857,1
"PWY_6113_superpathwayofmycolatebiosynthesis",0.0951085220574048,9.81158570644567,0.807559201184937,1
"PWY_5918_superpathayofhemebiosynthesisfromglutamate",-0.12581220042664,6.75098485966733,0.809308300713465,1
"PWY_3841_folatetransformationsII",-0.0221190034639007,13.3087357105886,0.811734109756551,1
"POLYAMINSYN3_PWY_superpathwayofpolyaminebiosynthesisII",-0.136438026169029,6.75090606077035,0.816466559072025,1
"PWY_6386_UDP_N_acetylmuramoyl_pentapeptidebiosynthesisII_lysine_containing_",-0.0190036837063964,13.5176345777591,0.818075685286694,1
"PWY_6435_4_hydroxybenzoatebiosynthesisV",-0.12911686267504,6.11556099798696,0.822025995890166,1
"POLYAMSYN_PWY_superpathwayofpolyaminebiosynthesisI",-0.0920948816753458,8.24819520475064,0.82302969151287,1
"PWY_5838_superpathwayofmenaquinol_8biosynthesisI",0.132099322479205,6.97914409270173,0.823875805400005,1
"PWY_7282_4_amino_2_methyl_5_phosphomethylpyrimidinebiosynthesis_yeast_",-0.0788245090248043,10.9774608203781,0.824104944198533,1
"THISYN_PWY_superpathwayofthiamindiphosphatebiosynthesisI",-0.0288750207401482,11.7754243380965,0.824432330789365,1
"GLYCOL_GLYOXDEG_PWY_superpathwayofglycolmetabolismanddegradation",-0.126567591546401,4.25615950430068,0.826605955929822,1
"PWY_6731_starchdegradationIII",0.0785358699465126,10.2101637855206,0.831331915962242,1
"ARGININE_SYN4_PWY_L_ornithinedenovobiosynthesis",0.0698598145805229,10.3968921711228,0.831742286962157,1
"PWY_6895_superpathwayofthiamindiphosphatebiosynthesisII",-0.0484540003934275,11.0321722717346,0.834652310350676,1
"PWY_6124_inosine_5__phosphatebiosynthesisII",0.0184828096100875,12.7376828560203,0.839694255637496,1
"PWY_4702_phytatedegradationI",0.0929868413926491,4.67285282419631,0.840941338306319,1
"PWY_7221_guanosineribonucleotidesdenovobiosynthesis",-0.0134384926044302,13.5970943814799,0.857429727770292,1
"PWY_5989_stearatebiosynthesisII_bacteriaandplants_",-0.0381329183195523,10.2026251790629,0.863988270637765,1
"PWY66_398_TCAcycleIII_animals_",0.0780773903789464,5.33628306711805,0.866902684715352,1
"PWY_5100_pyruvatefermentationtoacetateandlactateII",-0.0221337107279541,12.3637111737854,0.869146695788141,1
"PWY_7219_adenosineribonucleotidesdenovobiosynthesis",0.0150923988463508,13.1394299922688,0.870266857337252,1
"PWY_6163_chorismatebiosynthesisfrom3_dehydroquinate",0.0123386633985634,13.5143776657709,0.87035695413823,1
"PWY_5659_GDP_mannosebiosynthesis",0.0244799038408835,11.2200953200376,0.871341864691559,1
"PWY_5791_1_4_dihydroxy_2_naphthoatebiosynthesisII_plants_",0.0806774834150965,5.74895794902394,0.872035709358804,1
"PWY_5837_1_4_dihydroxy_2_naphthoatebiosynthesisI",0.080678707219396,5.74895794902394,0.872070939909739,1
"7ALPHADEHYDROX_PWY_cholatedegradation_bacteria_anaerobic_",0.0629143656720318,4.42671195087216,0.872802203666777,1
"POLYISOPRENSYN_PWY_polyisoprenoidbiosynthesis_E_coli_",0.0540033812896473,9.64212687152704,0.873010281513921,1
"PWY_6837_fattyacidbeta_oxidationV_unsaturated_oddnumber_di_isomerase_dependent_",-0.097343683814126,4.03850382312741,0.873157694778982,1
"PWY_6387_UDP_N_acetylmuramoyl_pentapeptidebiosynthesisI_meso_diaminopimelatecontaining_",-0.0131554156189065,13.4783700375928,0.873714954674306,1
"GLYOXYLATE_BYPASS_glyoxylatecycle",0.0797561570462564,6.17992950049168,0.877033856166081,1
"PWY_5971_palmitatebiosynthesisII_bacteriaandplants_",-0.0585761744897079,9.9617754494495,0.880739136338125,1
"PWY_7616_methanoloxidationtocarbondioxide",0.0860499688109287,4.77324688713536,0.880939320541621,1
"GLYCOLYSIS_TCA_GLYOX_BYPASS_superpathwayofglycolysis_pyruvatedehydrogenase_TCA_andglyoxylatebypass",0.0863525526562772,6.87445028630798,0.881159039049188,1
"PWY_5083_NAD_NADHphosphorylationanddephosphorylation",0.0765830604022508,8.48684255165696,0.882378290327887,1
"PWY_6121_5_aminoimidazoleribonucleotidebiosynthesisI",0.0131083838242705,13.3688688676792,0.883988280951151,1
"PWY_5862_superpathwayofdemethylmenaquinol_9biosynthesis",0.0761876258815842,5.70057511859895,0.884567854081773,1
"PWY_5154_L_argininebiosynthesisIII_viaN_acetyl_L_citrulline_",0.0233856066144953,11.4888362186703,0.886575114396944,1
"PWY_7242_D_fructuronatedegradation",-0.0314271228995634,10.1159374116539,0.887560828180912,1
"PWY_5863_superpathwayofphylloquinolbiosynthesis",0.0698422550509449,5.84112086934007,0.890385570621619,1
"COA_PWY_1_coenzymeAbiosynthesisII_mammalian_",0.0109804547514008,13.5063505824404,0.892270578949606,1
"TCA_TCAcycleI_prokaryotic_",-0.0277655710721816,10.3660488049273,0.895020310560682,1
"HEMESYN2_PWY_hemebiosynthesisII_anaerobic_",-0.05206630148272,7.47671492597368,0.896601517339457,1
"PWY_6277_superpathwayof5_aminoimidazoleribonucleotidebiosynthesis",0.0120442231503777,13.4544674253532,0.896843080384741,1
"PWY_6122_5_aminoimidazoleribonucleotidebiosynthesisII",0.0120472416237925,13.4544674253532,0.897325871378796,1
"PWY_6147_6_hydroxymethyl_dihydropterindiphosphatebiosynthesisI",-0.0295648615104532,10.9567865629363,0.898776237968814,1
"PWY_4242_pantothenateandcoenzymeAbiosynthesisIII",0.0111628798636081,13.295195919871,0.90005353606862,1
"PWY_2942_L_lysinebiosynthesisIII",0.0109860890873845,13.1196245199011,0.900948346565539,1
"PWY_6385_peptidoglycanbiosynthesisIII_mycobacteria_",-0.0105705111460015,13.3816459339955,0.901179388728192,1
"ARGSYN_PWY_L_argininebiosynthesisI_viaL_ornithine_",-0.0115964956925783,13.2548256589277,0.903711006611357,1
"PWY_7196_superpathwayofpyrimidineribonucleosidessalvage",-0.0230098517435767,10.6782674932465,0.904590445856527,1
"PWY_7399_methylphosphonatedegradationII",-0.0648312066496404,3.84830320691471,0.90731601913249,1
"PWY0_41_allantoindegradationIV_anaerobic_",-0.0654592682365772,3.84830320691471,0.907554632145514,1
"GALACTUROCAT_PWY_D_galacturonatedegradationI",-0.0240668402783559,9.88715061121909,0.908684913884192,1
"PWY_7539_6_hydroxymethyl_dihydropterindiphosphatebiosynthesisIII_Chlamydia_",0.0274573830843961,10.9523336689508,0.90999583846815,1
"PWY_5845_superpathwayofmenaquinol_9biosynthesis",0.0649812445626991,6.1017764342972,0.91148119090872,1
"COLANSYN_PWY_colanicacidbuildingblocksbiosynthesis",0.0160491656469694,10.9577066482722,0.911549315375142,1
"PWY_7400_L_argininebiosynthesisIV_archaebacteria_",-0.0106088930128582,13.254291943761,0.912034884204463,1
"AEROBACTINSYN_PWY_aerobactinbiosynthesis",-0.0753218088580359,3.92291367970562,0.921480470326616,1
"PWY_6531_mannitolcycle",0.04974679656264,7.70623586765816,0.923269510316846,1
"PWY_5690_TCAcycleII_plantsandfungi_",0.0234217011496286,9.88835442749233,0.925088569017711,1
"LACTOSECAT_PWY_lactoseandgalactosedegradationI",0.0236438136650416,10.8321147176312,0.925514637455982,1
"PWY_7332_superpathwayofUDP_N_acetylglucosamine_derivedO_antigenbuildingblocksbiosynthesis",-0.0624913636065774,8.64060394857527,0.927128367867173,1
"PWY_5675_nitratereductionV_assimilatory_",-0.0578188489659862,4.99849580718181,0.932367973135754,1
"PWY0_1298_superpathwayofpyrimidinedeoxyribonucleosidesdegradation",0.0309729874159128,8.73599029234774,0.934681053743144,1
"PWY_6126_superpathwayofadenosinenucleotidesdenovobiosynthesisII",-0.00694586172208248,12.7492341195531,0.934891557986914,1
"PWY_5686_UMPbiosynthesis",-0.00590634495583698,13.5577607830591,0.938237356917124,1
"ARGORNPROST_PWY_arginine_ornithineandprolineinterconversion",0.0288884348959352,8.96654024794093,0.939546589895916,1
"PEPTIDOGLYCANSYN_PWY_peptidoglycanbiosynthesisI_meso_diaminopimelatecontaining_",-0.00636715828021489,13.4850611676247,0.939729747279657,1
"GALACT_GLUCUROCAT_PWY_superpathwayofhexuronideandhexuronatedegradation",-0.0151449239467389,10.0602212984668,0.943108175910068,1
"P441_PWY_superpathwayofN_acetylneuraminatedegradation",-0.0141454464857206,10.8966474334938,0.944880200491426,1
"PWY_7229_superpathwayofadenosinenucleotidesdenovobiosynthesisI",-0.00506213111850377,12.8573347286124,0.949383698013433,1
"PWY_5304_superpathwayofsulfuroxidation_Acidianusambivalens_",-0.0158170526371283,10.5841047896037,0.952703046971331,1
"PWY_4984_ureacycle",0.0205556676798201,10.0712331495605,0.957088888359944,1
"PWY_6471_peptidoglycanbiosynthesisIV_Enterococcusfaecium_",-0.0122004323775435,12.2358204348315,0.960547828599443,1
"PWY_7200_superpathwayofpyrimidinedeoxyribonucleosidesalvage",0.0331804994110682,5.50401733252376,0.960894733387986,1
"PWY_5030_L_histidinedegradationIII",-0.0127689431655515,10.3482312753134,0.963979254181229,1
"CRNFORCAT_PWY_creatininedegradationI",-0.0167471981792296,4.84957041783645,0.964989004645263,1
"PWY_7046_4_coumaratedegradation_anaerobic_",0.0221190885116825,7.58326680998099,0.966453134058044,1
"PWY_5101_L_isoleucinebiosynthesisII",0.0267243291339849,7.25854072255388,0.966845891885531,1
"PWY_3781_aerobicrespirationI_cytochromec_",-0.0198322045404738,6.86175678622892,0.971026526479158,1
"PWY_5899_superpathwayofmenaquinol_13biosynthesis",0.0185276859024745,6.91287798137654,0.977966518630597,1
"PWY_5898_superpathwayofmenaquinol_12biosynthesis",0.0185277316156167,6.91287798137654,0.977969506341896,1
"PWY_5897_superpathwayofmenaquinol_11biosynthesis",0.0185278235038506,6.91287798137654,0.977975514966275,1
"PWY_6507_4_deoxy_L_threo_hex_4_enopyranuronatedegradation",0.006509868243162,9.83441768240604,0.980039063611907,1
"PWY4LZ_257_superpathwayoffermentation_Chlamydomonasreinhardtii_",-0.00774325769571123,7.71453485296901,0.989419867925819,1
"P161_PWY_acetylenedegradation",0.00391913596656896,7.4644912011115,0.994864718319501,1
"DTDPRHAMSYN_PWY_dTDP_L_rhamnosebiosynthesisI",-0.00057026255253541,13.5178737512262,0.996072453288181,1
"P108_PWY_pyruvatefermentationtopropanoateI",-0.000474534789185169,8.1376232845621,0.998082078618496,1
"PWY_7446_sulfoglycolysis",0.00749990820375178,4.10065249893537,1,1
"PWY_5754_4_hydroxybenzoatebiosynthesisI_eukaryotes_",0.0713786397697802,3.8701136494194,1,1
"PWY3O_1109_superpathwayof4_hydroxybenzoatebiosynthesis_yeast_",0.065378014960469,3.88059938477381,1,1
"PWY_7279_aerobicrespirationII_cytochromec__yeast_",-0.0587611183232701,3.98130125193605,1,1
"PWY_7409_phospholipidremodeling_phosphatidylethanolamine_yeast_",0.0397852379934026,3.86516354239398,1,1
"PWY_7269_NAD_NADP_NADH_NADPHmitochondrialinterconversion_yeast_",-0.0147001330314091,4.0442560137066,1,1
"KDO_NAGLIPASYN_PWY_superpathwayof_Kdo_2_lipidAbiosynthesis",-0.0123316870846107,4.00023855504126,1,1
"PWY66_367_ketogenesis",-0.0091906432681211,3.86176406994361,1,1
"PWY0_1533_methylphosphonatedegradationI",0.00810136273938837,3.83813140421035,1,1
