"","+samples in group 0","+samples in group 1","counts in group 0","counts in group 1","oddsRatio","lower","upper","fisherP","fisherAdjP","logFC","se","pvalues","adjPvalues"
"PWY_6318_L_phenylalaninedegradationIV_mammalian_viasidechain_",2,8,32,237,0.206260523692966,0.0196557892900602,1.16262453680535,0.0824351793626884,1,1.38454290529982,0.892206410173035,0.120705526038448,0.997088382213825
"PWY_5677_succinatefermentationtobutanoate",2,7,85,311,0.244572154289716,0.0228977043466897,1.43481603384001,0.148720798512407,1,1.15572661133545,0.934761261341113,0.216314769982229,0.997088382213825
"PWY_6823_molybdenumcofactorbiosynthesis",7,3,222,60,2.65308494702232,0.53695884832298,17.5288648333254,0.303387243195085,1,-1.13237023720593,0.780539918441307,0.146848790970995,0.997088382213825
"PWY490_3_nitratereductionVI_assimilatory_",4,2,53,20,2.11409276500662,0.278616305707082,25.0456833214554,0.672371344502492,1,-1.09629977380086,0.902775327384031,0.224607946027856,0.997088382213825
"ARGDEG_PWY_superpathwayofL_arginine_putrescine_and4_aminobutanoatedegradation",2,4,23,85,0.473016140328577,0.0399270400078623,3.58916538449594,0.672371344502492,1,0.919357091361807,0.916554546469869,0.315833024479533,0.997088382213825
"ORNARGDEG_PWY_superpathwayofL_arginineandL_ornithinedegradation",2,4,23,85,0.473016140328577,0.0399270400078623,3.58916538449594,0.672371344502492,1,0.919357091361807,0.916554546469869,0.315833024479533,0.997088382213825
"PWY_7288_fattyacid_beta__oxidation_peroxisome_yeast_",5,15,223,453,0.219566984770636,0.0528496562960458,0.775463576743389,0.0147975021586709,1,0.797281328276674,0.707722027161305,0.259934535439793,0.997088382213825
"PWY66_391_fattyacid_beta__oxidationVI_peroxisome_",5,15,298,612,0.219566984770636,0.0528496562960458,0.775463576743389,0.0147975021586709,1,0.767875827142944,0.676530157148533,0.256366586758455,0.997088382213825
"AST_PWY_L_argininedegradationII_ASTpathway_",6,3,63,44,2.19597283233112,0.419274224886971,14.9016596104383,0.475238848398059,1,-0.766434858025309,0.806363895314545,0.341867087085865,0.997088382213825
"PWY_5860_superpathwayofdemethylmenaquinol_6biosynthesisI",3,2,118,56,1.53982944561335,0.164193524999996,19.6485730406428,1,1,-0.731795773376443,0.952760392307057,0.44243992548412,0.997088382213825
"PWY_5850_superpathwayofmenaquinol_6biosynthesisI",3,2,173,83,1.53982944561335,0.164193524999996,19.6485730406428,1,1,-0.725657317506419,0.95424914006622,0.446986548084882,0.997088382213825
"PWY_5896_superpathwayofmenaquinol_10biosynthesis",3,2,173,83,1.53982944561335,0.164193524999996,19.6485730406428,1,1,-0.725657317506419,0.95424914006622,0.446986548084882,0.997088382213825
"PWY_5747_2_methylcitratecycleII",10,5,162,76,2.40214295195649,0.63712341848821,10.3038363149124,0.239628058807391,1,-0.708436256539252,0.768813401882308,0.356806609950832,0.997088382213825
"P122_PWY_heterolacticfermentation",4,6,221,496,0.625176903893006,0.116473118226903,2.97085996235219,0.733016256202521,1,0.685189355809133,0.90296740867768,0.447960487258298,0.997088382213825
"ENTBACSYN_PWY_enterobactinbiosynthesis",4,2,356,202,2.11409276500662,0.278616305707082,25.0456833214554,0.672371344502492,1,-0.644112976465984,0.941383814625526,0.493836695618754,0.997088382213825
"PWY0_42_2_methylcitratecycleI",6,4,124,76,1.5995472541819,0.33660287346841,8.58567208660014,0.733016256202521,1,-0.627081496741815,0.698990578834709,0.369652545297668,0.997088382213825
"PWY3O_355_stearatebiosynthesisIII_fungi_",7,6,98,253,1.20801829097011,0.301602288219816,4.99165373887088,1,1,0.608939020520435,0.595618387738858,0.30660847528582,0.997088382213825
"GLYCOL_GLYOXDEG_PWY_superpathwayofglycolmetabolismanddegradation",7,4,40,31,1.93240860118772,0.431981355736893,10.0732559666534,0.510529803037956,1,-0.588227332380505,0.811878403824198,0.468742629135386,0.997088382213825
"ORNDEG_PWY_superpathwayofornithinedegradation",2,4,138,219,0.473016140328577,0.0399270400078623,3.58916538449594,0.672371344502492,1,0.579174197776924,0.981709439411662,0.555214122626297,0.997088382213825
"PWY_6572_chondroitinsulfatedegradationI_bacterial_",6,10,191,307,0.516344224881036,0.132331001049618,1.85564874091208,0.389433957719529,1,0.57833624485841,0.505830682858223,0.252897624167518,0.997088382213825
"PWY_6562_norspermidinebiosynthesis",6,4,360,122,1.5995472541819,0.33660287346841,8.58567208660014,0.733016256202521,1,-0.552652782378591,0.689935273316744,0.423119371329594,0.997088382213825
"PWY_6953_dTDP_3_acetamido_3_6_dideoxy__alpha__D_galactosebiosynthesis",4,2,1332,134,2.11409276500662,0.278616305707082,25.0456833214554,0.672371344502492,1,-0.547180726036582,1.30267995136687,0.674454528579119,0.997088382213825
"PWY_4722_creatininedegradationII",3,5,34,95,0.564893792552213,0.080207987268851,3.21727399584981,0.708466026887811,1,0.546468989380321,0.863738279957891,0.526943348037592,0.997088382213825
"PWY_5920_superpathwayofhemebiosynthesisfromglycine",8,6,254,89,1.43205139429785,0.374552785972639,5.77634728077496,0.764248316797698,1,-0.538334320302058,0.594608591764866,0.365275157551499,0.997088382213825
"PWY_6285_superpathwayoffattyacidsbiosynthesis_E_coli_",3,5,286,577,0.564893792552213,0.080207987268851,3.21727399584981,0.708466026887811,1,0.538075765994336,0.765333164479012,0.482017844471194,0.997088382213825
"PWY_6837_fattyacidbeta_oxidationV_unsaturated_oddnumber_di_isomerase_dependent_",4,2,19,15,2.11409276500662,0.278616305707082,25.0456833214554,0.672371344502492,1,-0.537397836880099,1.02109608571743,0.598683207201623,0.997088382213825
"P125_PWY_superpathwayof_R_R__butanediolbiosynthesis",5,6,159,293,0.806239335286754,0.172543962748404,3.5965017024621,1,1,0.502571516525363,0.764767667809761,0.511080736019209,0.997088382213825
"PWY_821_superpathwayofsulfuraminoacidbiosynthesis_Saccharomycescerevisiae_",9,11,477,1154,0.753289485244931,0.227368771686899,2.44008182499599,0.789294160692689,1,0.496453558654595,0.536331189584305,0.354629263795573,0.997088382213825
"GLUDEG_I_PWY_GABAshunt",24,24,1639,1028,1,0.293690156951524,3.40494897881462,1,1,-0.47849838792873,0.305538341015858,0.117329197948866,0.997088382213825
"PWY_5464_superpathwayofcytosolicglycolysis_plants__pyruvatedehydrogenaseandTCAcycle",11,7,773,408,1.83973892377328,0.541666210425317,6.64033167703665,0.407546932179249,1,-0.47812348664655,0.517489449605269,0.355523306262974,0.997088382213825
"P105_PWY_TCAcycleIV_2_oxoglutaratedecarboxylase_",7,4,541,289,1.93240860118772,0.431981355736893,10.0732559666534,0.510529803037956,1,-0.450888824957741,0.701185418220657,0.520199483671366,0.997088382213825
"PWY_7013_L_1_2_propanedioldegradation",31,33,4979,6767,0,0,5.29833343387555,0.492307692307692,1,0.450074155664248,0.925375654332396,0.626705470662501,0.997088382213825
"PWY_5022_4_aminobutanoatedegradationV",22,25,1496,1034,0.64437023541381,0.187429752678346,2.13062948950935,0.587367731356516,1,-0.440772676439096,0.297941810720885,0.139035626146471,0.997088382213825
"PWY_7316_dTDP_N_acetylviosaminebiosynthesis",9,6,1337,235,1.6741344540437,0.45347171331827,6.62692775194746,0.557965593995684,1,-0.412354242430024,0.683127978281784,0.546091900870818,0.997088382213825
"PWY0_881_superpathwayoffattyacidbiosynthesisI_E_coli_",5,6,276,605,0.806239335286754,0.172543962748404,3.5965017024621,1,1,0.38825583140361,0.669119972469157,0.561747080606832,0.997088382213825
"PWY_561_superpathwayofglyoxylatecycleandfattyaciddegradation",6,4,335,194,1.5995472541819,0.33660287346841,8.58567208660014,0.733016256202521,1,-0.378048100542742,0.740287298565088,0.609576866512236,0.997088382213825
"PWY_5367_petroselinatebiosynthesis",28,29,4596,4680,0.77544004168289,0.13877240676428,4.01923118472409,1,1,0.375036839206628,0.276261524674821,0.174608808932609,0.997088382213825
"PWY0_1338_polymyxinresistance",3,2,25,19,1.53982944561335,0.164193524999996,19.6485730406428,1,1,-0.366598305086186,1.03052093767924,0.722034714563676,0.997088382213825
"PWY0_1061_superpathwayofL_alaninebiosynthesis",33,33,28829,19471,0,0,Inf,1,1,-0.352192042949681,0.724206876670244,0.626744456799878,0.997088382213825
"PWY_7312_dTDP_D__beta__fucofuranosebiosynthesis",7,6,881,486,1.20801829097011,0.301602288219816,4.99165373887088,1,1,-0.350888871448583,0.688275857663393,0.610185641468582,0.997088382213825
"PWY0_1241_ADP_L_glycero__beta__D_manno_heptosebiosynthesis",27,27,2323,1646,1,0.234310274430534,4.2678452851903,1,1,-0.34489529803373,0.244403194622196,0.158193478253178,0.997088382213825
"PWY_7560_methylerythritolphosphatepathwayII",31,29,14941,10710,2.11409276500662,0.278616305707082,25.0456833214553,0.672371344502492,1,-0.333374100620011,0.209543683651211,0.11162020885461,0.997088382213825
"PWY_6270_isoprenebiosynthesisI",31,29,16267,11770,2.11409276500662,0.278616305707082,25.0456833214553,0.672371344502492,1,-0.332875014038552,0.211689738934592,0.115842412090625,0.997088382213825
"PWY_5840_superpathwayofmenaquinol_7biosynthesis",7,5,454,463,1.49834145640498,0.357462905909453,6.78895899293121,0.750815172455687,1,-0.331914687584742,0.639098109231497,0.603517690600606,0.997088382213825
"PWY_6263_superpathwayofmenaquinol_8biosynthesisII",13,19,532,858,0.48444003307577,0.159845043128317,1.42239390624035,0.217904101261972,1,0.32656439797506,0.346310223564116,0.345689975904783,0.997088382213825
"RUMP_PWY_formaldehydeoxidationI",26,28,3838,5716,0.667404613097558,0.147297987959747,2.79749306422665,0.750815172455687,1,0.314990584387279,0.234231970553842,0.178696132173238,0.997088382213825
"PWY_6478_GDP_D_glycero__alpha__D_manno_heptosebiosynthesis",6,6,369,149,1,0.234310274430535,4.26784528519029,1,1,-0.313197900809889,0.67551177898447,0.642901851468092,0.997088382213825
"PWY_6606_guanosinenucleotidesdegradationII",33,33,11807,12972,0,0,Inf,1,1,0.307827595798581,0.606446437297948,0.611739229429744,0.997088382213825
"PWY_6608_guanosinenucleotidesdegradationIII",33,33,20776,25852,0,0,Inf,1,1,0.303408529392072,0.623208550834678,0.626365263743114,0.997088382213825
"PWY_5101_L_isoleucinebiosynthesisII",13,15,915,976,0.78295650146136,0.261868344790197,2.31406471126207,0.803595004408089,1,-0.30278044972961,0.45812797459483,0.508671306502988,0.997088382213825
"PWY_7389_superpathwayofanaerobicenergymetabolism_invertebrates_",0,3,0,162,0,0,2.37515538515513,0.238461538461538,1,0.299875597052262,0.168818588058647,0.0756804201149008,0.997088382213825
"PWY_6167_flavinbiosynthesisII_archaea_",2,0,291,0,Inf,0.188738593461554,Inf,0.492307692307692,1,-0.299231435260298,0.206799126293883,0.147906269374623,0.997088382213825
"PWY_6353_purinenucleotidesdegradationII_aerobic_",33,33,21160,23018,0,0,Inf,1,1,0.29523485473639,0.577753272194021,0.609347502466288,0.997088382213825
"PWY_5138_unsaturated_evennumberedfattyacid_beta__oxidation",15,18,869,1249,0.698328746502736,0.235906468599502,2.03565922322668,0.622842858004954,1,0.293870800327824,0.447010103576686,0.510914608138992,0.997088382213825
"PWY_7383_anaerobicenergymetabolism_invertebrates_cytosol_",33,32,13693,10148,Inf,0.0256406640625001,Inf,1,1,-0.29271659698629,0.654828493601974,0.654865951925035,0.997088382213825
"PWY0_1479_tRNAprocessing",31,30,7362,5356,1.53982944561335,0.164193524999996,19.6485730406427,1,1,-0.292006199889382,0.15657703446709,0.0621903294400559,0.997088382213825
"PWY_1861_formaldehydeassimilationII_RuMPCycle_",32,32,26417,35788,1,0.0123656541128814,80.869155070276,1,1,0.285772668626952,0.780642170130748,0.714309985228511,0.997088382213825
"PWY_7315_dTDP_N_acetylthomosaminebiosynthesis",27,26,6128,3259,1.20801829097011,0.301602288219816,4.99165373887087,1,1,-0.284498247958831,0.305071931809489,0.351046572351739,0.997088382213825
"PWY_7234_inosine_5__phosphatebiosynthesisIII",33,32,24748,18604,Inf,0.0256406640625001,Inf,1,1,-0.282888437513192,0.631039647014082,0.653944289318599,0.997088382213825
"PWY_5265_peptidoglycanbiosynthesisII_staphylococci_",3,5,395,501,0.564893792552213,0.080207987268851,3.21727399584981,0.708466026887811,1,0.280175845935909,0.740269090859147,0.705075251998293,0.997088382213825
"PWY_7286_7__3_amino_3_carboxypropyl__wyosinebiosynthesis",2,0,195,0,Inf,0.188738593461554,Inf,0.492307692307692,1,-0.273748530790614,0.189178495352133,0.147886193301441,0.997088382213825
"GLYCOLYSIS_E_D_superpathwayofglycolysisandEntner_Doudoroff",33,32,13061,10948,Inf,0.0256406640625001,Inf,1,1,-0.266323422427063,0.579763037902086,0.645971366216042,0.997088382213825
"NONMEVIPP_PWY_methylerythritolphosphatepathwayI",31,29,29091,22813,2.11409276500662,0.278616305707082,25.0456833214553,0.672371344502492,1,-0.265041671800203,0.180705821789144,0.142457015733142,0.997088382213825
"PWY_7384_anaerobicenergymetabolism_invertebrates_mitochondrial_",0,3,0,113,0,0,2.37515538515513,0.238461538461538,1,0.26217530681082,0.151020635313568,0.0825597556372122,0.997088382213825
"PWY_5104_L_isoleucinebiosynthesisIV",33,33,22762,24032,0,0,Inf,1,1,0.254736984462808,0.696537492397579,0.714574778414636,0.997088382213825
"PWY_6588_pyruvatefermentationtoacetone",23,27,2663,1593,0.516344224881036,0.132331001049618,1.85564874091208,0.389433957719529,1,-0.253642705597568,0.245107524831291,0.300751958013488,0.997088382213825
"PWY_6470_peptidoglycanbiosynthesisV__beta__lactamresistance_",32,32,15826,17271,1,0.0123656541128814,80.869155070276,1,1,0.253265275781509,0.586115592023175,0.665662871518861,0.997088382213825
"METHANOGENESIS_PWY_methanogenesisfromH2andCO2",2,0,135,0,Inf,0.188738593461554,Inf,0.492307692307692,1,-0.252835176783228,0.174792538860345,0.148040588919679,0.997088382213825
"PWY_7210_pyrimidinedeoxyribonucleotidesbiosynthesisfromCTP",20,23,1776,2971,0.673017027181058,0.212227616240395,2.0814404792088,0.605937513659104,1,0.252220928405199,0.274147915901051,0.357563522429336,0.997088382213825
"P164_PWY_purinenucleobasesdegradationI_anaerobic_",32,33,13512,14955,0,0,39.000549968693,1,1,0.251559033162787,0.623028117199031,0.686383074599235,0.997088382213825
"METH_ACETATE_PWY_methanogenesisfromacetate",32,32,13948,16239,1,0.0123656541128814,80.869155070276,1,1,0.249915058261871,0.682202876448505,0.714114823258197,0.997088382213825
"PWY_5941_glycogendegradationII_eukaryotic_",24,24,4986,6660,1,0.293690156951524,3.40494897881462,1,1,0.244946888691049,0.322731317436054,0.447864014120206,0.997088382213825
"PWY_5994_palmitatebiosynthesisI_animalsandfungi_",18,21,1378,1994,0.689680399565833,0.227612495334416,2.05152041970919,0.617010258595774,1,0.242245493628025,0.293682881441605,0.409454496050833,0.997088382213825
"PWY_7003_glyceroldegradationtobutanol",23,27,5805,3605,0.516344224881036,0.132331001049618,1.85564874091208,0.389433957719529,1,-0.236655353693061,0.220333925718105,0.282788676966738,0.997088382213825
"PWY_5198_factor420biosynthesis",2,0,101,0,Inf,0.188738593461554,Inf,0.492307692307692,1,-0.235721897813048,0.163436210968,0.149221468456442,0.997088382213825
"PWY0_1297_superpathwayofpurinedeoxyribonucleosidesdegradation",33,32,9292,11126,Inf,0.0256406640625001,Inf,1,1,0.235445292191227,0.839026811833997,0.779004079338979,0.997088382213825
"PWY_7204_pyridoxal5__phosphatesalvageII_plants_",5,6,72,94,0.806239335286754,0.172543962748404,3.5965017024621,1,1,0.234512361619633,0.691058033104109,0.734344098618078,0.997088382213825
"GOLPDLCAT_PWY_superpathwayofglyceroldegradationto1_3_propanediol",33,33,7794,9175,0,0,Inf,1,1,0.232752505010293,0.717801310634812,0.745743043831484,0.997088382213825
"PWY_7385_1_3_propanediolbiosynthesis_engineered_",6,3,140,152,2.19597283233112,0.419274224886971,14.9016596104383,0.475238848398059,1,-0.232748030352833,0.870386465021414,0.789155282440712,0.997088382213825
"PWY_6891_thiazolebiosynthesisII_Bacillus_",33,32,10993,12330,Inf,0.0256406640625001,Inf,1,1,0.230075784713833,0.856576273591545,0.788238053511906,0.997088382213825
"P461_PWY_hexitolfermentationtolactate_formate_ethanolandacetate",33,33,19281,24138,0,0,Inf,1,1,0.228736248248014,0.899226121403915,0.799209639721524,0.997088382213825
"P42_PWY_incompletereductiveTCAcycle",26,23,2272,1769,1.60316327285935,0.46205440386939,5.85483182241261,0.574337238662511,1,-0.223923060859084,0.280243199039192,0.424272318441767,0.997088382213825
"PWY_5005_biotinbiosynthesisII",32,31,8248,8584,2.04269061916414,0.10150550704334,125.446569732464,1,1,0.217981007074569,0.857506276582856,0.799338427607052,0.997088382213825
"P23_PWY_reductiveTCAcycleI",4,4,54,147,1,0.168856502148237,5.92218829170173,1,1,0.216588042924398,0.818503141834026,0.791306219812285,0.997088382213825
"P124_PWY_Bifidobacteriumshunt",32,31,13725,10218,2.04269061916414,0.10150550704334,125.446569732464,1,1,-0.215209006948751,0.761348533163195,0.77743120776944,0.997088382213825
"REDCITCYC_TCAcycleVIII_helicobacter_",7,7,211,170,1,0.258143609368294,3.87381272946137,1,1,-0.212914876356298,0.606238516637227,0.725433472712766,0.997088382213825
"KETOGLUCONMET_PWY_ketogluconatemetabolism",6,10,537,387,0.516344224881036,0.132331001049618,1.85564874091208,0.389433957719529,1,0.210375990966862,0.829202424425468,0.799720498791419,0.997088382213825
"PHOSLIPSYN_PWY_superpathwayofphospholipidbiosynthesisI_bacteria_",33,32,27624,32749,Inf,0.0256406640625001,Inf,1,1,0.208983364058363,0.504855731564277,0.678913141805205,0.997088382213825
"PWY_4981_L_prolinebiosynthesisII_fromarginine_",33,33,27017,20034,0,0,Inf,1,1,-0.207486572170456,0.689046964448385,0.763322160369794,0.997088382213825
"PWY_6628_superpathwayofL_phenylalaninebiosynthesis",14,12,1463,1335,1.28449246352638,0.428625017811421,3.89972973069668,0.80141272667929,1,-0.20210260481483,0.449975009876221,0.653329338146318,0.997088382213825
"PWY_7279_aerobicrespirationII_cytochromec__yeast_",2,3,15,11,0.649422572641917,0.0508942811231895,6.09037414843262,1,1,0.201331913395343,0.976402758755971,0.836636556165216,0.997088382213825
"PWY66_400_glycolysisVI_metazoan_",33,33,42337,34897,0,0,Inf,1,1,-0.20131714148153,0.558999914505746,0.718743896306293,0.997088382213825
"PWY4FS_7_phosphatidylglycerolbiosynthesisI_plastidic_",33,33,21276,26989,0,0,Inf,1,1,0.197420111134602,0.580877947145962,0.733958159475054,0.997088382213825
"PWY4FS_8_phosphatidylglycerolbiosynthesisII_non_plastidic_",33,33,21276,26989,0,0,Inf,1,1,0.197420111134602,0.580877947145962,0.733958159475054,0.997088382213825
"POLYISOPRENSYN_PWY_polyisoprenoidbiosynthesis_E_coli_",32,30,5324,6398,3.14815626980214,0.237788709361572,172.973874962767,0.613186813186813,1,0.195223089650088,0.221740428710204,0.378635778761286,0.997088382213825
"PWY_6859_all_trans_farnesolbiosynthesis",30,28,3277,4400,1.77024427101944,0.310822143619091,12.4675862598082,0.708466026887811,1,0.194353391904559,0.269202635370977,0.470319396467577,0.997088382213825
"COBALSYN_PWY_adenosylcobalaminsalvagefromcobinamideI",33,33,58239,59055,0,0,Inf,1,1,0.194284581167293,0.410917635016456,0.636351145356908,0.997088382213825
"PWY_5676_acetyl_CoAfermentationtobutanoateII",33,33,17248,19209,0,0,Inf,1,1,0.192832659247721,0.626590427368549,0.758273231982645,0.997088382213825
"PWY_6749_CMP_legionaminatebiosynthesisI",9,6,262,422,1.6741344540437,0.45347171331827,6.62692775194746,0.557965593995684,1,-0.192624743170641,0.594421376865722,0.745897001297176,0.997088382213825
"PWY_7616_methanoloxidationtocarbondioxide",5,5,88,114,1,0.205075493360302,4.8762530501052,1,1,0.192284713146911,0.824270236267761,0.815544974726035,0.997088382213825
"PWY_6630_superpathwayofL_tyrosinebiosynthesis",9,8,719,553,1.16905883640628,0.336528171746518,4.12850674379174,1,1,-0.18788037510361,0.475796444557049,0.692934746861734,0.997088382213825
"PWY_7371_1_4_dihydroxy_6_naphthoatebiosynthesisII",18,18,543,746,1,0.340358351525922,2.93807980769892,1,1,-0.187469431780902,0.357738007957456,0.600249929380832,0.997088382213825
"PWY_6629_superpathwayofL_tryptophanbiosynthesis",9,8,909,687,1.16905883640628,0.336528171746518,4.12850674379174,1,1,-0.18551370595203,0.483187607832876,0.701024980425223,0.997088382213825
"PWY_6969_TCAcycleV_2_oxoglutarate_ferredoxinoxidoreductase_",26,22,4328,3740,1.83973892377328,0.541666210425317,6.64033167703665,0.407546932179249,1,-0.184853974667753,0.209817688628257,0.378305977077139,0.997088382213825
"UDPNAGSYN_PWY_UDP_N_acetyl_D_glucosaminebiosynthesisI",33,33,38910,30789,0,0,Inf,1,1,-0.183949833923482,0.40138826337444,0.646748390733856,0.997088382213825
"SALVADEHYPOX_PWY_adenosinenucleotidesdegradationII",33,33,16192,17861,0,0,Inf,1,1,0.183579715959802,0.561746556680184,0.74381789205046,0.997088382213825
"THREOCAT_PWY_superpathwayofL_threoninemetabolism",2,0,36,0,Inf,0.188738593461554,Inf,0.492307692307692,1,-0.175134650124153,0.121837446363315,0.150591538749204,0.997088382213825
"P163_PWY_L_lysinefermentationtoacetateandbutanoate",0,2,0,39,0,0,5.29833343387557,0.492307692307692,1,0.175034570846652,0.120228491971368,0.145434272347088,0.997088382213825
"PWY_6143_CMP_pseudaminatebiosynthesis",9,6,270,265,1.6741344540437,0.45347171331827,6.62692775194746,0.557965593995684,1,-0.172993406000019,0.607786473729875,0.775928706506112,0.997088382213825
"PWY_6892_thiazolebiosynthesisI_E_coli_",33,33,41922,42801,0,0,Inf,1,1,0.17089814164965,0.469967784868594,0.716128352644217,0.997088382213825
"PWY_5384_sucrosedegradationIV_sucrosephosphorylase_",33,33,15834,13360,0,0,Inf,1,1,-0.169793755548015,0.791187258404503,0.830074296063507,0.997088382213825
"PWY0_1296_purineribonucleosidesdegradation",33,33,89985,95901,0,0,Inf,1,1,0.167298456945837,0.429176969707359,0.696675355917923,0.997088382213825
"PWY_4321_L_glutamatedegradationIV",0,2,0,24,0,0,5.29833343387557,0.492307692307692,1,0.166766775096965,0.116844487023424,0.153506660925687,0.997088382213825
"GLCMANNANAUT_PWY_superpathwayofN_acetylglucosamine_N_acetylmannosamineandN_acetylneuraminatedegradation",33,33,22380,24352,0,0,Inf,1,1,0.166601536457795,0.510205995798657,0.744017505225342,0.997088382213825
"PWY_6803_phosphatidylcholineacylediting",13,9,271,215,1.71878821044516,0.546905447445773,5.60837221347411,0.4338610782248,1,-0.163083927434939,0.455918955164493,0.720565014186615,0.997088382213825
"PENTOSE_P_PWY_pentosephosphatepathway",33,32,21135,18503,Inf,0.0256406640625001,Inf,1,1,-0.161663068780126,0.462149140932359,0.726483440991274,0.997088382213825
"PWY_5675_nitratereductionV_assimilatory_",7,10,146,127,0.623766784662197,0.170799098988966,2.16424730859761,0.57433723866251,1,0.161052461342518,0.540388300962567,0.765679509732033,0.997088382213825
"GLUCONEO_PWY_gluconeogenesisI",33,33,30110,27393,0,0,Inf,1,1,-0.158661423568147,0.48402249752621,0.743064685624737,0.997088382213825
"PWY_3801_sucrosedegradationII_sucrosesynthase_",1,0,279,0,Inf,0.0256406640625,Inf,1,1,-0.156329536662662,0.157245547418175,0.320137848597511,0.997088382213825
"PWY_6901_superpathwayofglucoseandxylosedegradation",33,32,24357,21861,Inf,0.0256406640625001,Inf,1,1,-0.156102162637318,0.4743318850325,0.742080838387416,0.997088382213825
"PWY_7345_superpathwayofanaerobicsucrosedegradation",1,0,267,0,Inf,0.0256406640625,Inf,1,1,-0.155026854979565,0.155948605807216,0.320179348551962,0.997088382213825
"NAD_BIOSYNTHESIS_II_NADsalvagepathwayII",24,26,2908,2904,0.721572845841507,0.194700825887308,2.57320270302858,0.774649126350741,1,-0.154984312705668,0.38802423596547,0.689584381709754,0.997088382213825
"PWY1G_0_mycothiolbiosynthesis",2,0,40,0,Inf,0.188738593461554,Inf,0.492307692307692,1,-0.154565745464418,0.11137808112268,0.16521096035929,0.997088382213825
"PWY_6284_superpathwayofunsaturatedfattyacidsbiosynthesis_E_coli_",28,27,4209,4824,1.24032648400159,0.278047970703147,5.79562439665393,1,1,0.154177562866588,0.178322255397253,0.38725793885163,0.997088382213825
"PWY_7184_pyrimidinedeoxyribonucleotidesdenovobiosynthesisI",33,33,15419,12996,0,0,Inf,1,1,-0.15354444118105,0.515691538611015,0.765897996424413,0.997088382213825
"PWY66_399_gluconeogenesisIII",33,31,14376,11933,Inf,0.188738593461553,Inf,0.492307692307692,1,-0.152893380710789,0.612368560634523,0.802838364323646,0.997088382213825
"PWY_6595_superpathwayofguanosinenucleotidesdegradation_plants_",27,27,2763,3105,1,0.234310274430534,4.2678452851903,1,1,0.152191469754816,0.211020908976164,0.470777171741944,0.997088382213825
"PWY_7197_pyrimidinedeoxyribonucleotidephosphorylation",33,33,10503,8772,0,0,Inf,1,1,-0.151522649514014,0.553820418290477,0.784395665684178,0.997088382213825
"PWY_7237_myo__chiro_andscillo_inositoldegradation",32,32,49553,51472,1,0.0123656541128814,80.869155070276,1,1,0.150447869759607,0.369633140878475,0.683993718730266,0.997088382213825
"PWY_7209_superpathwayofpyrimidineribonucleosidesdegradation",29,21,4142,3240,4.05396932383043,1.04063918972876,19.7116586371797,0.0423511997204971,1,-0.149074190819647,0.238874303978023,0.532581878931708,0.997088382213825
"P162_PWY_L_glutamatedegradationV_viahydroxyglutarate_",3,1,57,64,3.14815497100743,0.237788709361572,172.973874962767,0.613186813186813,1,-0.148634103367165,0.191298301340913,0.437173194188508,0.997088382213825
"PWY_5484_glycolysisII_fromfructose6_phosphate_",33,33,34959,29842,0,0,Inf,1,1,-0.148039566350528,0.34953409173706,0.671905709322275,0.997088382213825
"PWY_4041__gamma__glutamylcycle",33,33,15964,13568,0,0,Inf,1,1,-0.147380250762379,0.489200959381984,0.763210676284503,0.997088382213825
"FUCCAT_PWY_fucosedegradation",32,33,5131,5669,0,0,39.000549968693,1,1,0.14676185661544,0.679314562348728,0.828953425853639,0.997088382213825
"PWY_7269_NAD_NADP_NADH_NADPHmitochondrialinterconversion_yeast_",3,4,20,18,0.728531460328631,0.09808288333805,4.71985103263655,1,1,0.144108624227934,0.786845679488999,0.854682480730155,0.997088382213825
"PWY_6545_pyrimidinedeoxyribonucleotidesdenovobiosynthesisIII",33,33,14209,12075,0,0,Inf,1,1,-0.143715659497474,0.483012449140512,0.766054060402596,0.997088382213825
"PWY_7228_superpathwayofguanosinenucleotidesdenovobiosynthesisI",33,33,20485,17453,0,0,Inf,1,1,-0.143031756132186,0.524811873983848,0.785207530724136,0.997088382213825
"PWY0_781_aspartatesuperpathway",30,32,18734,14879,0.31764623935357,0.0057812198530861,4.20541413713399,0.613186813186813,1,-0.142173096584772,0.127659763361516,0.2654132270488,0.997088382213825
"P221_PWY_octaneoxidation",3,4,21,15,0.728531460328631,0.09808288333805,4.71985103263655,1,1,-0.141980509515042,0.914450963733687,0.876613889135823,0.997088382213825
"GLYCOLYSIS_glycolysisI_fromglucose6_phosphate_",33,33,39945,34363,0,0,Inf,1,1,-0.141811872135275,0.352297462894531,0.687290726230293,0.997088382213825
"PWY_7115_C4photosyntheticcarbonassimilationcycle_NAD_MEtype",33,31,11292,9789,Inf,0.188738593461553,Inf,0.492307692307692,1,-0.141367711059163,0.678722317857176,0.83500640502523,0.997088382213825
"LPSSYN_PWY_superpathwayoflipopolysaccharidebiosynthesis",2,0,22,0,Inf,0.188738593461554,Inf,0.492307692307692,1,-0.140753163478236,0.0991861478298757,0.155875444768465,0.997088382213825
"PWY_5189_tetrapyrrolebiosynthesisII_fromglycine_",21,20,1366,1018,1.13527847825476,0.374993933540061,3.46091797126077,1,1,-0.139989454311042,0.32862160596402,0.670115273816331,0.997088382213825
"TEICHOICACID_PWY_teichoicacid_poly_glycerol_biosynthesis",33,33,11354,11044,0,0,Inf,1,1,0.139108306260894,0.529160407411786,0.792639258038479,0.997088382213825
"TRPSYN_PWY_L_tryptophanbiosynthesis",33,33,64221,67905,0,0,Inf,1,1,0.136755225565502,0.357636995559255,0.702175393840315,0.997088382213825
"PWY_5173_superpathwayofacetyl_CoAbiosynthesis",11,10,367,317,1.14756398333644,0.359925161454508,3.69618702146126,1,1,-0.136269105147949,0.501170939419953,0.785697796255886,0.997088382213825
"PWY_7446_sulfoglycolysis",3,2,24,25,1.53982944561335,0.164193524999996,19.6485730406428,1,1,-0.135520904001486,0.989644580503419,0.891079039776074,0.997088382213825
"P4_PWY_superpathwayofL_lysine_L_threonineandL_methioninebiosynthesisI",33,32,22125,18673,Inf,0.0256406640625001,Inf,1,1,-0.132924688288145,0.485341839572556,0.784178005237707,0.997088382213825
"PWY0_166_superpathwayofpyrimidinedeoxyribonucleotidesdenovobiosynthesis_E_coli_",33,33,24496,21146,0,0,Inf,1,1,-0.132706192465777,0.407659287349907,0.744778376238128,0.997088382213825
"PWY3DJ_35471_L_ascorbatebiosynthesisIV",3,1,53,54,3.14815497100743,0.237788709361572,172.973874962767,0.613186813186813,1,-0.130997176522216,0.181537088560615,0.470540393706241,0.997088382213825
"PWY_6125_superpathwayofguanosinenucleotidesdenovobiosynthesisII",33,33,22202,19178,0,0,Inf,1,1,-0.130048991676925,0.498755308415308,0.79428755482812,0.997088382213825
"PWY_7187_pyrimidinedeoxyribonucleotidesdenovobiosynthesisII",33,33,25196,21594,0,0,Inf,1,1,-0.128815990308425,0.400320663112306,0.747617838895439,0.997088382213825
"PWY66_398_TCAcycleIII_animals_",6,7,259,210,0.827802035345791,0.200334408657561,3.31562471194241,1,1,0.12580679339258,0.605633119794387,0.83544156426313,0.997088382213825
"PWY_6349_CDP_archaeolbiosynthesis",1,0,54,0,Inf,0.0256406640625,Inf,1,1,-0.125552061276827,0.124315424791342,0.312520409668432,0.997088382213825
"PWY_7357_thiaminformationfrompyrithiamineandoxythiamine_yeast_",33,33,68987,71066,0,0,Inf,1,1,0.124930625675838,0.340499691555293,0.71369078792514,0.997088382213825
"PWY_5913_TCAcycleVI_obligateautotrophs_",33,32,14627,11444,Inf,0.0256406640625001,Inf,1,1,-0.124235063152761,0.71838304644761,0.862700888645026,0.997088382213825
"PWY_6612_superpathwayoftetrahydrofolatebiosynthesis",28,28,5750,6019,1,0.205075493360302,4.8762530501052,1,1,0.123297142123542,0.231462587516921,0.594250174588823,0.997088382213825
"PWY_622_starchbiosynthesis",29,27,12491,12041,1.5995472541819,0.33660287346841,8.58567208660016,0.733016256202521,1,-0.121664372744447,0.210931916433892,0.564078274307406,0.997088382213825
"NONOXIPENT_PWY_pentosephosphatepathway_non_oxidativebranch_",33,33,61099,59418,0,0,Inf,1,1,0.121352026544235,0.446743861006592,0.785901380347789,0.997088382213825
"FOLSYN_PWY_superpathwayoftetrahydrofolatebiosynthesisandsalvage",28,28,8162,8457,1,0.205075493360302,4.8762530501052,1,1,0.121126933741349,0.223730782962551,0.588234716740388,0.997088382213825
"PWY_4702_phytatedegradationI",5,4,92,91,1.28959035676022,0.248803802030772,7.20604350185124,1,1,-0.119588696235701,0.873728020956718,0.89113215713924,0.997088382213825
"PWY_841_superpathwayofpurinenucleotidesdenovobiosynthesisI",33,33,27875,24244,0,0,Inf,1,1,-0.118883961001338,0.431798893306243,0.783068461552835,0.997088382213825
"PWY_6471_peptidoglycanbiosynthesisIV_Enterococcusfaecium_",32,32,38227,34751,1,0.0123656541128814,80.869155070276,1,1,0.118492335388225,0.535903543208097,0.825008668571957,0.997088382213825
"PWY0_162_superpathwayofpyrimidineribonucleotidesdenovobiosynthesis",33,33,24543,21473,0,0,Inf,1,1,-0.118295613040873,0.32693191601274,0.717474871053142,0.997088382213825
"GLYCOGENSYNTH_PWY_glycogenbiosynthesisI_fromADP_D_Glucose_",33,33,64664,67709,0,0,Inf,1,1,0.117788969112047,0.387650802560884,0.76123967050383,0.997088382213825
"PWY_6609_adenineandadenosinesalvageIII",33,33,106889,108570,0,0,Inf,1,1,0.117274751627606,0.387619644909243,0.76223198196302,0.997088382213825
"PWY_4984_ureacycle",32,29,7056,8746,4.32596526163946,0.397878372892446,223.752534377314,0.355311355311355,1,0.117141848582985,0.241607236671657,0.627786921867346,0.997088382213825
"PWY_5004_superpathwayofL_citrullinemetabolism",0,1,0,38,0,0,39.0005499686929,1,1,0.116339293087844,0.116889341214215,0.319593157351358,0.997088382213825
"OANTIGEN_PWY_O_antigenbuildingblocksbiosynthesis_E_coli_",33,33,50082,42232,0,0,Inf,1,1,-0.116166146517642,0.315091165456543,0.71237019553773,0.997088382213825
"DENOVOPURINE2_PWY_superpathwayofpurinenucleotidesdenovobiosynthesisII",33,33,29762,25922,0,0,Inf,1,1,-0.115975391228102,0.392072235297063,0.767381997019936,0.997088382213825
"PWY_7117_C4photosyntheticcarbonassimilationcycle_PEPCKtype",33,32,18076,14593,Inf,0.0256406640625001,Inf,1,1,-0.115726659096567,0.658756263962761,0.860549691473154,0.997088382213825
"PWY_6527_stachyosedegradation",33,33,54622,56513,0,0,Inf,1,1,0.11553869863389,0.422048050940301,0.784271206109411,0.997088382213825
"PWY_7046_4_coumaratedegradation_anaerobic_",21,23,1217,1297,0.764040472313013,0.239375987288617,2.39462433644192,0.794402181039532,1,0.115322967182275,0.290030914998952,0.690908092085042,0.997088382213825
"PWY0_1415_superpathwayofhemebiosynthesisfromuroporphyrinogen_III",9,9,266,172,1,0.293690156951525,3.40494897881462,1,1,-0.114764084424443,0.501634570189024,0.819039714755214,0.997088382213825
"PWY_5121_superpathwayofgeranylgeranyldiphosphatebiosynthesisII_viaMEP_",31,29,7931,6934,2.11409276500662,0.278616305707082,25.0456833214553,0.672371344502492,1,-0.113773279918143,0.181519405526742,0.530801479956454,0.997088382213825
"PWY_3781_aerobicrespirationI_cytochromec_",13,11,706,951,1.29481884864611,0.42381710840967,4.01621345147759,0.798386634895356,1,0.113750258237699,0.405272796697294,0.778959087223025,0.997088382213825
"PWY_7328_superpathwayofUDP_glucose_derivedO_antigenbuildingblocksbiosynthesis",29,30,9224,9057,0.72853146032863,0.0980828833380499,4.71985103263655,1,1,-0.1136238673144,0.195193699167442,0.560493752338237,0.997088382213825
"PWY_1269_CMP_3_deoxy_D_manno_octulosonatebiosynthesisI",32,32,10603,9232,1,0.0123656541128814,80.869155070276,1,1,-0.108167916553244,0.727546375686376,0.881810133380057,0.997088382213825
"PWY_2723_trehalosedegradationV",29,30,10775,10430,0.72853146032863,0.0980828833380499,4.71985103263655,1,1,-0.105743925306573,0.232528446842799,0.64928411068884,0.997088382213825
"PWY_5083_NAD_NADHphosphorylationanddephosphorylation",24,22,3106,2950,1.32751089665728,0.409822322250051,4.39814136559203,0.789294160692689,1,0.105168511272218,0.381290927328089,0.782684613912086,0.997088382213825
"3_HYDROXYPHENYLACETATE_DEGRADATION_PWY_4_hydroxyphenylacetatedegradation",0,1,0,23,0,0,39.0005499686929,1,1,0.104530776973336,0.105625663719272,0.32235291145924,0.997088382213825
"PWY_5667_CDP_diacylglycerolbiosynthesisI",33,33,71577,71828,0,0,Inf,1,1,0.103836833787997,0.356637848158299,0.770932903395119,0.997088382213825
"PWY0_1319_CDP_diacylglycerolbiosynthesisII",33,33,71577,71828,0,0,Inf,1,1,0.103836833787997,0.356637848158299,0.770932903395119,0.997088382213825
"7ALPHADEHYDROX_PWY_cholatedegradation_bacteria_anaerobic_",3,5,54,48,0.564893792552213,0.080207987268851,3.21727399584981,0.708466026887811,1,0.103491649872218,0.809173622802511,0.898229731115771,0.997088382213825
"PWY_5723_Rubiscoshunt",14,11,944,986,1.46497828707434,0.484414396508426,4.5252335812108,0.612281990183376,1,0.102998091135573,0.514931247686258,0.841462595964046,0.997088382213825
"P621_PWY_nylon_6oligomerdegradation",3,3,55,78,1,0.123756971234692,8.08035288859493,1,1,0.102260384197181,0.908991024379549,0.910427934472253,0.997088382213825
"NAGLIPASYN_PWY_lipidIVAbiosynthesis",31,29,8520,7549,2.11409276500662,0.278616305707082,25.0456833214553,0.672371344502492,1,-0.101633267163543,0.248990447404292,0.683140509167149,0.997088382213825
"FERMENTATION_PWY_mixedacidfermentation",33,32,13529,11904,Inf,0.0256406640625001,Inf,1,1,-0.100986181210302,0.528049946793466,0.848334733619421,0.997088382213825
"PWY_5705_allantoindegradationtoglyoxylateIII",2,0,10,0,Inf,0.188738593461554,Inf,0.492307692307692,1,-0.100649599946144,0.0715791310749617,0.159685374645232,0.997088382213825
"PWY0_862__5Z__dodec_5_enoatebiosynthesis",32,31,7329,7194,2.04269061916414,0.10150550704334,125.446569732464,1,1,-0.0999911797990642,0.586707729090391,0.86467388188192,0.997088382213825
"PWY_5028_L_histidinedegradationII",0,1,0,34,0,0,39.0005499686929,1,1,0.099597159363799,0.0978667652956513,0.308829522247045,0.997088382213825
"PWY_7031_proteinN_glycosylation_bacterial_",1,0,19,0,Inf,0.0256406640625,Inf,1,1,-0.098230909676267,0.0972137461912634,0.31227343848649,0.997088382213825
"HCAMHPDEG_PWY_3_phenylpropanoateand3__3_hydroxyphenyl_propanoatedegradationto2_oxopent_4_enoate",2,2,24,32,1,0.0684760891341724,14.6036377463175,1,1,-0.098076633801048,1.22876210218593,0.936382460949523,0.997088382213825
"PWY_6690_cinnamateand3_hydroxycinnamatedegradationto2_oxopent_4_enoate",2,2,24,32,1,0.0684760891341724,14.6036377463175,1,1,-0.098076633801048,1.22876210218593,0.936382460949523,0.997088382213825
"PWY_6305_putrescinebiosynthesisIV",33,33,26878,28194,0,0,Inf,1,1,0.0980341577724578,0.461590242877221,0.831807846399003,0.997088382213825
"PWY_6317_galactosedegradationI_Leloirpathway_",33,33,56187,56837,0,0,Inf,1,1,0.0978848025690433,0.388069811524216,0.800859399169522,0.997088382213825
"DAPLYSINESYN_PWY_L_lysinebiosynthesisI",33,33,33803,29850,0,0,Inf,1,1,-0.0976902812991125,0.443352175638746,0.825602746535367,0.997088382213825
"PWY_7254_TCAcycleVII_acetate_producers_",9,10,398,429,0.864437751518476,0.257825699782991,2.86193495439176,1,1,0.0968576902244043,0.53780815908202,0.857076338641185,0.997088382213825
"P185_PWY_formaldehydeassimilationIII_dihydroxyacetonecycle_",32,33,9344,9276,0,0,39.000549968693,1,1,0.0968460584157897,0.847267784443857,0.908996847685098,0.997088382213825
"UBISYN_PWY_superpathwayofubiquinol_8biosynthesis_prokaryotic_",4,2,24,32,2.11409276500662,0.278616305707082,25.0456833214554,0.672371344502492,1,-0.0960881469994935,0.898543828022562,0.914838460291474,0.997088382213825
"ASPASN_PWY_superpathwayofL_aspartateandL_asparaginebiosynthesis",33,33,27468,28812,0,0,Inf,1,1,0.0958809570267476,0.345654700038991,0.781481104046772,0.997088382213825
"SO4ASSIM_PWY_sulfatereductionI_assimilatory_",24,24,2629,2457,1,0.293690156951524,3.40494897881462,1,1,0.0945582459377456,0.32873731924747,0.773621755782411,0.997088382213825
"HOMOSER_METSYN_PWY_L_methioninebiosynthesisI",33,33,14881,16623,0,0,Inf,1,1,0.0940041170409162,0.600149824570682,0.875532977594514,0.997088382213825
"PWY_7198_pyrimidinedeoxyribonucleotidesdenovobiosynthesisIV",33,32,11576,9733,Inf,0.0256406640625001,Inf,1,1,-0.0929581277194413,0.511644955112734,0.855830070153949,0.997088382213825
"PRPP_PWY_superpathwayofhistidine_purine_andpyrimidinebiosynthesis",33,31,20540,17898,Inf,0.188738593461553,Inf,0.492307692307692,1,-0.0923775146499697,0.38471275986575,0.810236652142419,0.997088382213825
"PWY_6897_thiaminsalvageII",33,33,38247,32743,0,0,Inf,1,1,-0.0923366237881114,0.290987363656947,0.750999464125051,0.997088382213825
"PWY_7664_oleatebiosynthesisIV_anaerobic_",32,31,7767,7649,2.04269061916414,0.10150550704334,125.446569732464,1,1,-0.0920878919983088,0.566616850965257,0.870894543621354,0.997088382213825
"PWY4LZ_257_superpathwayoffermentation_Chlamydomonasreinhardtii_",21,20,1786,1643,1.13527847825476,0.374993933540061,3.46091797126077,1,1,-0.091805945430735,0.289186684531726,0.750892643439191,0.997088382213825
"ARG_POLYAMINE_SYN_superpathwayofarginineandpolyaminebiosynthesis",26,24,4721,3863,1.38586146327858,0.388620763853166,5.13608504454314,0.774649126350741,1,-0.091021335018592,0.243701240959111,0.708779638407846,0.997088382213825
"PWY_6174_mevalonatepathwayII_archaea_",1,0,16,0,Inf,0.0256406640625,Inf,1,1,-0.0896433782133212,0.089451715663693,0.316274707902052,0.997088382213825
"P161_PWY_acetylenedegradation",21,20,1469,1366,1.13527847825476,0.374993933540061,3.46091797126077,1,1,-0.0883228258115011,0.2947378555564,0.764432164272868,0.997088382213825
"PWY_5088_L_glutamatedegradationVIII_topropanoate_",0,1,0,13,0,0,39.0005499686929,1,1,0.0881696719004739,0.0894992151050333,0.324553029646059,0.997088382213825
"PWY_5910_superpathwayofgeranylgeranyldiphosphatebiosynthesisI_viamevalonate_",1,0,15,0,Inf,0.0256406640625,Inf,1,1,-0.0877839724182534,0.0876551573068201,0.316599846129217,0.997088382213825
"PWY_5861_superpathwayofdemethylmenaquinol_8biosynthesis",11,10,657,688,1.14756398333644,0.359925161454508,3.69618702146126,1,1,0.0866310031247334,0.457860491831044,0.849929566420319,0.997088382213825
"PWY_7392_taxadienebiosynthesis_engineered_",28,25,4367,4020,1.77623587013009,0.443467589266831,7.86235064238695,0.537228177417704,1,-0.0857685503056382,0.224264967522235,0.702132855712624,0.997088382213825
"FASYN_ELONG_PWY_fattyacidelongation__saturated",32,31,8154,8042,2.04269061916414,0.10150550704334,125.446569732464,1,1,-0.0857533295581165,0.550000404977749,0.876099998090511,0.997088382213825
"PROPFERM_PWY_L_alaninefermentationtopropanoateandacetate",4,3,156,264,1.37262431954402,0.211871093618264,10.1954588401875,1,1,-0.0857506587711878,0.876700788977423,0.92208266427669,0.997088382213825
"PWY_7323_superpathwayofGDP_mannose_derivedO_antigenbuildingblocksbiosynthesis",33,33,12698,12913,0,0,Inf,1,1,0.0851406800121211,0.666194637879661,0.898306055844954,0.997088382213825
"CENTFERM_PWY_pyruvatefermentationtobutanoate",31,32,5924,4960,0.489550395257211,0.00797152127900088,9.85168223013781,1,1,-0.0849848565301336,0.487314183663895,0.861555528168382,0.997088382213825
"PWY66_389_phytoldegradation",7,8,63,84,0.843553563218983,0.223307535403206,3.11740160460962,1,1,0.0847057457862436,0.885348419571413,0.923778664839538,0.997088382213825
"PWY_7374_1_4_dihydroxy_6_naphthoatebiosynthesisI",1,0,18,0,Inf,0.0256406640625,Inf,1,1,-0.0828411313064767,0.0839580487474803,0.323791338572077,0.997088382213825
"SULFATE_CYS_PWY_superpathwayofsulfateassimilationandcysteinebiosynthesis",24,24,5279,4666,1,0.293690156951524,3.40494897881462,1,1,0.0825256284011077,0.310993894266866,0.790731432393868,0.997088382213825
"PWY_6590_superpathwayofClostridiumacetobutylicumacidogenicfermentation",31,32,7281,6100,0.489550395257211,0.00797152127900088,9.85168223013781,1,1,-0.0825032856936239,0.47662149216193,0.86257265113057,0.997088382213825
"PWY_6531_mannitolcycle",27,18,1606,1675,3.67316309137774,1.09258933796852,13.8796692884812,0.0332221416247276,1,0.0822230964565128,0.311477102990169,0.791796886522122,0.997088382213825
"P108_PWY_pyruvatefermentationtopropanoateI",27,27,2006,1925,1,0.234310274430534,4.2678452851903,1,1,0.0819006535991607,0.24539363704472,0.738566594775731,0.997088382213825
"PWYG_321_mycolatebiosynthesis",32,31,8607,8573,2.04269061916414,0.10150550704334,125.446569732464,1,1,-0.0818095787366612,0.583542419563511,0.888506126452414,0.997088382213825
"PWY_922_mevalonatepathwayI",1,0,12,0,Inf,0.0256406640625,Inf,1,1,-0.0814093357166583,0.0815059358494378,0.317884410988901,0.997088382213825
"RHAMCAT_PWY_L_rhamnosedegradationI",33,33,12873,13576,0,0,Inf,1,1,0.0812467093912558,0.425749030624096,0.84865690345661,0.997088382213825
"PWY_5345_superpathwayofL_methioninebiosynthesis_bysulfhydrylation_",24,24,6213,5487,1,0.293690156951524,3.40494897881462,1,1,0.0793265898960993,0.306877333903921,0.796024068726908,0.997088382213825
"HEME_BIOSYNTHESIS_II_hemebiosynthesisI_aerobic_",20,20,590,521,1,0.332453708056845,3.00793757375993,1,1,0.0779869691541106,0.295408460471708,0.791782173525077,0.997088382213825
"PWY_6936_seleno_aminoacidbiosynthesis",33,33,54922,54678,0,0,Inf,1,1,0.0777015336971623,0.312349884154647,0.803543024851102,0.997088382213825
"HEXITOLDEGSUPER_PWY_superpathwayofhexitoldegradation_bacteria_",33,32,22683,21488,Inf,0.0256406640625001,Inf,1,1,0.0773853236873617,0.466028002716306,0.868115282066929,0.997088382213825
"METSYN_PWY_L_homoserineandL_methioninebiosynthesis",33,33,24519,26325,0,0,Inf,1,1,0.0763380784689787,0.534926137307531,0.886521035623896,0.997088382213825
"PWY66_388_fattyacid_alpha__oxidationIII",0,1,0,7,0,0,39.0005499686929,1,1,0.0761812915464038,0.0780884467804366,0.329274133834353,0.997088382213825
"GLUCARDEG_PWY_D_glucaratedegradationI",19,17,640,521,1.27255874418094,0.434441681948638,3.76707822218515,0.805010535907851,1,0.0760832938460421,0.358040169419901,0.831717505372909,0.997088382213825
"PWY_5347_superpathwayofL_methioninebiosynthesis_transsulfuration_",33,33,24772,26276,0,0,Inf,1,1,0.0759688711157751,0.493872131071123,0.877749332939503,0.997088382213825
"CALVIN_PWY_Calvin_Benson_Basshamcycle",33,33,75468,69974,0,0,Inf,1,1,0.0756036604062795,0.366859116017277,0.836725581256472,0.997088382213825
"PWY_6519_8_amino_7_oxononanoatebiosynthesisI",32,31,7056,7054,2.04269061916414,0.10150550704334,125.446569732464,1,1,-0.0753400048437686,0.51948290093779,0.884688097955549,0.997088382213825
"PWY_7294_xylosedegradationIV",1,0,13,0,Inf,0.0256406640625,Inf,1,1,-0.0751865291367866,0.0763735888866101,0.324890767752245,0.997088382213825
"THISYNARA_PWY_superpathwayofthiamindiphosphatebiosynthesisIII_eukaryotes_",33,33,37666,33210,0,0,Inf,1,1,-0.0746167578803535,0.307566701973112,0.808312570864576,0.997088382213825
"PWY_5838_superpathwayofmenaquinol_8biosynthesisI",11,10,945,963,1.14756398333644,0.359925161454508,3.69618702146126,1,1,0.0742948071654747,0.451199513740724,0.86921108747044,0.997088382213825
"MET_SAM_PWY_superpathwayofS_adenosyl_L_methioninebiosynthesis",33,33,26431,28261,0,0,Inf,1,1,0.073552677680984,0.51582095659916,0.886611289292144,0.997088382213825
"FASYN_INITIAL_PWY_superpathwayoffattyacidbiosynthesisinitiation_E_coli_",32,32,8249,8743,1,0.0123656541128814,80.869155070276,1,1,-0.0727461321149562,0.711148707595945,0.918523444623907,0.997088382213825
"PWY_6282_palmitoleatebiosynthesisI_from_5Z__dodec_5_enoate_",32,31,7193,7075,2.04269061916414,0.10150550704334,125.446569732464,1,1,-0.0724255196950273,0.535018510668391,0.892319247869145,0.997088382213825
"P562_PWY_myo_inositoldegradationI",3,1,54,341,3.14815497100743,0.237788709361572,172.973874962767,0.613186813186813,1,-0.0713189450778689,0.213582195836918,0.738441417490525,0.997088382213825
"ANAEROFRUCAT_PWY_homolacticfermentation",33,33,49046,44073,0,0,Inf,1,1,-0.0711350386854705,0.252660055533778,0.778292833032625,0.997088382213825
"PWY66_422_D_galactosedegradationV_Leloirpathway_",33,33,63027,62538,0,0,Inf,1,1,0.0710768071180823,0.353614378119918,0.840697872845926,0.997088382213825
"PWY0_1277_3_phenylpropanoateand3__3_hydroxyphenyl_propanoatedegradation",1,2,31,47,0.489550395257211,0.00797152127900086,9.85168223013777,1,1,0.0705250643141662,0.173416881681064,0.684243510797472,0.997088382213825
"PWY_5656_mannosylglyceratebiosynthesisI",4,3,24,47,1.37262431954402,0.211871093618264,10.1954588401875,1,1,0.0695688472952317,0.882767478403602,0.937185603994393,0.997088382213825
"PYRIDOXSYN_PWY_pyridoxal5__phosphatebiosynthesisI",30,29,7824,6989,1.37262431954402,0.211871093618264,10.1954588401875,1,1,-0.0678239293385998,0.261502997394468,0.795355979025723,0.997088382213825
"P441_PWY_superpathwayofN_acetylneuraminatedegradation",32,32,15068,14322,1,0.0123656541128814,80.869155070276,1,1,-0.0674010408418787,0.475642289802772,0.887312775987013,0.997088382213825
"CITRULBIO_PWY_L_citrullinebiosynthesis",32,32,8832,11178,1,0.0123656541128814,80.869155070276,1,1,0.0656261300717343,0.893772948650681,0.941467166224399,0.997088382213825
"PWY_5918_superpathayofhemebiosynthesisfromglutamate",16,15,823,691,1.12732780318592,0.385539186367825,3.31351574567865,1,1,0.0656028270966254,0.357036718400563,0.854215449020912,0.997088382213825
"GLYCOCAT_PWY_glycogendegradationI_bacterial_",29,30,16387,17361,0.72853146032863,0.0980828833380499,4.71985103263655,1,1,-0.065477087634501,0.212643946714996,0.758144053001881,0.997088382213825
"CRNFORCAT_PWY_creatininedegradationI",5,5,101,86,1,0.205075493360302,4.8762530501052,1,1,0.064694113413199,0.749515169941627,0.931216320657184,0.997088382213825
"HSERMETANA_PWY_L_methioninebiosynthesisIII",33,33,63553,64995,0,0,Inf,1,1,0.0639787714526308,0.331720847889653,0.847061319844297,0.997088382213825
"GLUCUROCAT_PWY_superpathwayof_beta__D_glucuronideandD_glucuronatedegradation",33,33,10724,9832,0,0,Inf,1,1,-0.0639300993521694,0.603725370635317,0.915667499467963,0.997088382213825
"PWY_6507_4_deoxy_L_threo_hex_4_enopyranuronatedegradation",33,32,6727,6996,Inf,0.0256406640625001,Inf,1,1,0.0635604949770675,0.500182458672039,0.898881340305463,0.997088382213825
"PWY_7211_superpathwayofpyrimidinedeoxyribonucleotidesdenovobiosynthesis",33,32,14732,13611,Inf,0.0256406640625001,Inf,1,1,-0.063468628286368,0.449729915290646,0.887770326427551,0.997088382213825
"PWY_7388_octanoyl__acyl_carrierprotein_biosynthesis_mitochondria_yeast_",32,32,7972,8474,1,0.0123656541128814,80.869155070276,1,1,-0.062618604406258,0.687950687080839,0.927475159848108,0.997088382213825
"PWY0_1261_anhydromuropeptidesrecycling",33,32,19860,19338,Inf,0.0256406640625001,Inf,1,1,-0.0626174013029301,0.48151567199077,0.896532967105945,0.997088382213825
"PWY_7165_L_ascorbatebiosynthesisVI_engineeredpathway_",0,1,0,8,0,0,39.0005499686929,1,1,0.0618932482806656,0.0625273731289731,0.322243313649748,0.997088382213825
"PWY_7539_6_hydroxymethyl_dihydropterindiphosphatebiosynthesisIII_Chlamydia_",33,32,14663,14442,Inf,0.0256406640625001,Inf,1,1,0.0610457009548674,0.64576655216552,0.924686444312551,0.997088382213825
"GLUTORN_PWY_L_ornithinebiosynthesis",33,33,82664,81407,0,0,Inf,1,1,0.0608826764313469,0.352560521027003,0.862897334037682,0.997088382213825
"ECASYN_PWY_enterobacterialcommonantigenbiosynthesis",2,3,46,30,0.649422572641917,0.0508942811231895,6.09037414843262,1,1,0.0605461787441163,0.975813822745065,0.950525518979386,0.997088382213825
"HISTSYN_PWY_L_histidinebiosynthesis",33,33,69641,62272,0,0,Inf,1,1,-0.0582830352589584,0.256193352653474,0.820037859813947,0.997088382213825
"PANTO_PWY_phosphopantothenatebiosynthesisI",33,33,57398,54600,0,0,Inf,1,1,0.0581154349023103,0.349570322301539,0.867961633462892,0.997088382213825
"GLUCOSE1PMETAB_PWY_glucoseandglucose_1_phosphatedegradation",29,30,9685,9710,0.72853146032863,0.0980828833380499,4.71985103263655,1,1,-0.0568191683097887,0.217081122480612,0.793520637727483,0.997088382213825
"POLYAMSYN_PWY_superpathwayofpolyaminebiosynthesisI",26,25,2537,2098,1.18546117709944,0.32077997217982,4.47812922297668,1,1,-0.0555916093082315,0.244432995368681,0.820088716710975,0.997088382213825
"PWY1F_823_leucopelargonidinandleucocyanidinbiosynthesis",0,1,0,10,0,0,39.0005499686929,1,1,0.0551564925801927,0.054288712794281,0.309636751410079,0.997088382213825
"PWY_5392_reductiveTCAcycleII",2,2,26,50,1,0.0684760891341724,14.6036377463175,1,1,0.0549183587681389,1.15114291662302,0.961949212718706,0.997088382213825
"PWY_5845_superpathwayofmenaquinol_9biosynthesis",7,7,501,475,1,0.258143609368294,3.87381272946137,1,1,-0.0524989715147852,0.525617873194739,0.920439204421344,0.997088382213825
"GLYOXYLATE_BYPASS_glyoxylatecycle",16,12,413,366,1.63448906980673,0.552236084415414,4.95272520798971,0.455303478891767,1,-0.0515631239889784,0.424675019816464,0.903360086431692,0.997088382213825
"PWY_6113_superpathwayofmycolatebiosynthesis",28,27,6430,7070,1.24032648400159,0.278047970703147,5.79562439665393,1,1,0.0514906106302444,0.159036971367899,0.746115929409561,0.997088382213825
"PWY_5695_uratebiosynthesis_inosine5__phosphatedegradation",33,33,75063,75338,0,0,Inf,1,1,0.0509783828722806,0.268025224093738,0.849152454243885,0.997088382213825
"PWY_7242_D_fructuronatedegradation",33,33,8571,7997,0,0,Inf,1,1,-0.0509733089901568,0.66013916111032,0.938451709239838,0.997088382213825
"PWY_621_sucrosedegradationIII_sucroseinvertase_",33,33,29036,29311,0,0,Inf,1,1,-0.050676134080869,0.476766365166366,0.91535120524114,0.997088382213825
"THRESYN_PWY_superpathwayofL_threoninebiosynthesis",33,33,50655,45017,0,0,Inf,1,1,-0.0505182056656433,0.257981045201176,0.844749971029885,0.997088382213825
"PWY_5862_superpathwayofdemethylmenaquinol_9biosynthesis",7,7,342,329,1,0.258143609368294,3.87381272946137,1,1,-0.0504613608245247,0.527942824792797,0.92385326911747,0.997088382213825
"PANTOSYN_PWY_pantothenateandcoenzymeAbiosynthesisI",33,33,60623,58173,0,0,Inf,1,1,0.0500050979930842,0.301798208225607,0.868400517471601,0.997088382213825
"PWY_5415_catecholdegradationI_meta_cleavagepathway_",1,0,12,0,Inf,0.0256406640625,Inf,1,1,-0.0496100443850564,0.0523140216703207,0.342970353101065,0.997088382213825
"COA_PWY_coenzymeAbiosynthesisI",33,33,74008,71895,0,0,Inf,1,1,0.0493155212385497,0.281694877155742,0.861026864739089,0.997088382213825
"ALLANTOINDEG_PWY_superpathwayofallantoindegradationinyeast",7,7,112,177,1,0.258143609368294,3.87381272946137,1,1,0.04919998532715,0.59714772351168,0.934335277017611,0.997088382213825
"PWY_6147_6_hydroxymethyl_dihydropterindiphosphatebiosynthesisI",33,32,14859,14225,Inf,0.0256406640625001,Inf,1,1,0.0486237400981837,0.645846738221674,0.939986516496589,0.997088382213825
"PWY_6700_queuosinebiosynthesis",33,33,72884,69299,0,0,Inf,1,1,0.0485080982969966,0.302907182387847,0.872769382540103,0.997088382213825
"PWY_7208_superpathwayofpyrimidinenucleobasessalvage",33,33,18885,17718,0,0,Inf,1,1,-0.0481160032497126,0.473787077850039,0.91910896704414,0.997088382213825
"PWY66_409_superpathwayofpurinenucleotidesalvage",33,32,15619,14637,Inf,0.0256406640625001,Inf,1,1,0.0478951408891334,0.616811392836197,0.938106808337121,0.997088382213825
"HISDEG_PWY_L_histidinedegradationI",33,32,9628,9701,Inf,0.0256406640625001,Inf,1,1,0.0471973212515521,0.641153491258868,0.941318215873777,0.997088382213825
"PWY_7111_pyruvatefermentationtoisobutanol_engineered_",33,33,90718,83509,0,0,Inf,1,1,-0.0471930884099014,0.237084119543372,0.842218702057883,0.997088382213825
"PWY_1042_glycolysisIV_plantcytosol_",33,33,104431,99301,0,0,Inf,1,1,0.0449008230249511,0.317552483549562,0.887556686041152,0.997088382213825
"PWY0_845_superpathwayofpyridoxal5__phosphatebiosynthesisandsalvage",30,29,9629,8969,1.37262431954402,0.211871093618264,10.1954588401875,1,1,-0.0442999071984379,0.252044466123087,0.860480713262159,0.997088382213825
"PWY_3001_superpathwayofL_isoleucinebiosynthesisI",33,33,58237,52691,0,0,Inf,1,1,-0.0434881606018375,0.244753754463308,0.858973286979236,0.997088382213825
"PWY_6703_preQ0biosynthesis",33,33,28534,28537,0,0,Inf,1,1,0.0429520286216886,0.313742209347856,0.89110802445959,0.997088382213825
"ANAGLYCOLYSIS_PWY_glycolysisIII_fromglucose_",33,33,67402,62589,0,0,Inf,1,1,-0.0428862752242274,0.223959357235751,0.848140672372096,0.997088382213825
"PWY_7332_superpathwayofUDP_N_acetylglucosamine_derivedO_antigenbuildingblocksbiosynthesis",10,13,4842,2911,0.673017027181058,0.212227616240395,2.0814404792088,0.605937513659104,1,0.0421757693438373,0.468458617194988,0.928262628625419,0.997088382213825
"PWY_5188_tetrapyrrolebiosynthesisI_fromglutamate_",33,33,30579,29667,0,0,Inf,1,1,0.0417491637128978,0.43725679895991,0.923933785076874,0.997088382213825
"METHGLYUT_PWY_superpathwayofmethylglyoxaldegradation",23,22,1041,984,1.14756398333644,0.359925161454508,3.69618702146126,1,1,0.0416681319284509,0.254760352716994,0.870078992573871,0.997088382213825
"RIBOSYN2_PWY_flavinbiosynthesisI_bacteriaandplants_",33,33,63788,59958,0,0,Inf,1,1,0.0413575233203565,0.326079167874297,0.899072760363217,0.997088382213825
"PWY_5304_superpathwayofsulfuroxidation_Acidianusambivalens_",33,33,12774,10761,0,0,Inf,1,1,0.0410758866339784,0.699007743976495,0.953140771466056,0.997088382213825
"PWY_6168_flavinbiosynthesisIII_fungi_",33,33,61141,57402,0,0,Inf,1,1,0.0409904258906642,0.343994441448125,0.905148485057035,0.997088382213825
"LACTOSECAT_PWY_lactoseandgalactosedegradationI",33,33,15094,13498,0,0,Inf,1,1,0.0398151967469921,0.882361445196046,0.96400890627238,0.997088382213825
"BIOTIN_BIOSYNTHESIS_PWY_biotinbiosynthesisI",32,31,7860,8181,2.04269061916414,0.10150550704334,125.446569732464,1,1,-0.039725071513204,0.480693731805762,0.934136898858447,0.997088382213825
"PWY_7399_methylphosphonatedegradationII",1,0,3,0,Inf,0.0256406640625,Inf,1,1,-0.0394166404365972,0.0421909960799682,0.350178587728709,0.997088382213825
"PWY0_41_allantoindegradationIV_anaerobic_",1,0,3,0,Inf,0.0256406640625,Inf,1,1,-0.0394166404365972,0.0421909960799682,0.350178587728709,0.997088382213825
"ILEUSYN_PWY_L_isoleucinebiosynthesisI_fromthreonine_",33,33,89102,82898,0,0,Inf,1,1,-0.0385748295245116,0.235264978457324,0.869760010740724,0.997088382213825
"VALSYN_PWY_L_valinebiosynthesis",33,33,89102,82898,0,0,Inf,1,1,-0.0385748295245116,0.235264978457324,0.869760010740724,0.997088382213825
"PWY_5855_ubiquinol_7biosynthesis_prokaryotic_",4,3,20,32,1.37262431954402,0.211871093618264,10.1954588401875,1,1,-0.0380856278097233,0.844295580155261,0.964020145973884,0.997088382213825
"PWY_5856_ubiquinol_9biosynthesis_prokaryotic_",4,3,20,32,1.37262431954402,0.211871093618264,10.1954588401875,1,1,-0.0380856278097233,0.844295580155261,0.964020145973884,0.997088382213825
"PWY_5857_ubiquinol_10biosynthesis_prokaryotic_",4,3,20,32,1.37262431954402,0.211871093618264,10.1954588401875,1,1,-0.0380856278097233,0.844295580155261,0.964020145973884,0.997088382213825
"PWY_6708_ubiquinol_8biosynthesis_prokaryotic_",4,3,20,32,1.37262431954402,0.211871093618264,10.1954588401875,1,1,-0.0380856278097233,0.844295580155261,0.964020145973884,0.997088382213825
"PWY_7663_gondoatebiosynthesis_anaerobic_",33,33,16568,15787,0,0,Inf,1,1,-0.038027310630059,0.562826385761002,0.946131994212132,0.997088382213825
"COMPLETE_ARO_PWY_superpathwayofaromaticaminoacidbiosynthesis",33,33,87695,85369,0,0,Inf,1,1,0.037703162471063,0.260277305624078,0.884823253061336,0.997088382213825
"PWY_6731_starchdegradationIII",29,30,7517,9630,0.72853146032863,0.0980828833380499,4.71985103263655,1,1,0.0370547335814347,0.192099300354687,0.847042264841108,0.997088382213825
"PWY_7094_fattyacidsalvage",3,3,27,29,1,0.123756971234692,8.08035288859493,1,1,-0.0361046702849366,0.952642545301685,0.969767816611465,0.997088382213825
"PWY_6123_inosine_5__phosphatebiosynthesisI",33,33,56794,54014,0,0,Inf,1,1,0.0359988140089217,0.26401160349593,0.891542107860012,0.997088382213825
"PYRIDNUCSAL_PWY_NADsalvagepathwayI",31,27,15627,12909,3.38368416310071,0.545877473055219,37.0239912655941,0.257560148474291,1,-0.0354416237891078,0.235483813510943,0.880365762563667,0.997088382213825
"PWY_6124_inosine_5__phosphatebiosynthesisII",33,33,52424,49702,0,0,Inf,1,1,0.0337403062044861,0.265240528432101,0.898776999937521,0.997088382213825
"PWY_5103_L_isoleucinebiosynthesisIII",33,33,68560,63589,0,0,Inf,1,1,-0.0333128956843359,0.247633943774193,0.892987637121742,0.997088382213825
"TRNA_CHARGING_PWY_tRNAcharging",33,33,79883,72115,0,0,Inf,1,1,-0.0328261271166503,0.257091296239412,0.898400031348046,0.997088382213825
"PWY_7282_4_amino_2_methyl_5_phosphomethylpyrimidinebiosynthesis_yeast_",30,29,16232,15354,1.37262431954402,0.211871093618264,10.1954588401875,1,1,-0.0325870682577038,0.206394040512964,0.874545336638901,0.997088382213825
"ARO_PWY_chorismatebiosynthesisI",33,33,89542,86631,0,0,Inf,1,1,0.0320218068485191,0.258132199702329,0.901274129909525,0.997088382213825
"PWY0_1586_peptidoglycanmaturation_meso_diaminopimelatecontaining_",33,33,61249,53399,0,0,Inf,1,1,-0.0315179010421388,0.305130808650925,0.917730367567316,0.997088382213825
"GALACTUROCAT_PWY_D_galacturonatedegradationI",33,33,6977,6951,0,0,Inf,1,1,-0.0311114061504885,0.563887089065541,0.956000548922976,0.997088382213825
"PWY_241_C4photosyntheticcarbonassimilationcycle_NADP_MEtype",33,32,13306,12725,Inf,0.0256406640625001,Inf,1,1,-0.0296156951071416,0.633570883498622,0.962717189102831,0.997088382213825
"1CMET2_PWY_N10_formyl_tetrahydrofolatebiosynthesis",33,33,72758,70775,0,0,Inf,1,1,0.0292225227223229,0.269498563926342,0.913652269561713,0.997088382213825
"PWY_5897_superpathwayofmenaquinol_11biosynthesis",12,10,912,878,1.30883118923354,0.417602036687667,4.1775284619267,0.794402181039532,1,-0.0291688907422104,0.439533103804238,0.947088545530221,0.997088382213825
"PWY_5898_superpathwayofmenaquinol_12biosynthesis",12,10,912,878,1.30883118923354,0.417602036687667,4.1775284619267,0.794402181039532,1,-0.0291688907422104,0.439533103804238,0.947088545530221,0.997088382213825
"PWY_5899_superpathwayofmenaquinol_13biosynthesis",12,10,912,878,1.30883118923354,0.417602036687667,4.1775284619267,0.794402181039532,1,-0.0291688907422104,0.439533103804238,0.947088545530221,0.997088382213825
"PWY_6876_isopropanolbiosynthesis",6,5,120,205,1.24032648400159,0.278047970703147,5.79562439665393,1,1,0.0287397861981745,0.673944036740833,0.965985182414257,0.997088382213825
"BRANCHED_CHAIN_AA_SYN_PWY_superpathwayofbranchedaminoacidbiosynthesis",33,33,71995,66972,0,0,Inf,1,1,-0.0284364605299344,0.238603475900973,0.905133753224487,0.997088382213825
"ARGSYNBSUB_PWY_L_argininebiosynthesisII_acetylcycle_",33,33,84144,79798,0,0,Inf,1,1,0.0281074308957943,0.314978822602621,0.928894404367133,0.997088382213825
"PWY_6151_S_adenosyl_L_methioninecycleI",33,33,82720,74133,0,0,Inf,1,1,-0.0274820168198911,0.293670683219047,0.925441947412538,0.997088382213825
"GALACT_GLUCUROCAT_PWY_superpathwayofhexuronideandhexuronatedegradation",33,33,8071,7681,0,0,Inf,1,1,-0.0273554916966547,0.597920533305767,0.963508675054921,0.997088382213825
"PPGPPMET_PWY_ppGppbiosynthesis",30,33,14228,14213,0,0,2.37515538515512,0.238461538461538,1,0.0269427319503269,0.534005693239424,0.959760592379959,0.997088382213825
"PWY_4242_pantothenateandcoenzymeAbiosynthesisIII",33,33,76372,73092,0,0,Inf,1,1,0.0268852532965009,0.275557395101022,0.922276288334107,0.997088382213825
"PWY_5177_glutaryl_CoAdegradation",33,33,14233,14195,0,0,Inf,1,1,0.0256518651963408,0.512176787968385,0.960055445300026,0.997088382213825
"ARGORNPROST_PWY_arginine_ornithineandprolineinterconversion",30,28,3587,3662,1.77024427101944,0.310822143619091,12.4675862598082,0.708466026887811,1,0.0254636776262641,0.206045751671694,0.901645739631294,0.997088382213825
"PWY_6163_chorismatebiosynthesisfrom3_dehydroquinate",33,33,89250,86057,0,0,Inf,1,1,0.025170593797238,0.259988479310237,0.922873894513322,0.997088382213825
"PWY_7199_pyrimidinedeoxyribonucleosidessalvage",33,33,47959,45115,0,0,Inf,1,1,-0.0248647297628393,0.318670831715987,0.937807072864723,0.997088382213825
"PWY_5097_L_lysinebiosynthesisVI",33,33,77240,73238,0,0,Inf,1,1,0.0247909624524629,0.269663632227732,0.926751343711265,0.997088382213825
"PWY_7219_adenosineribonucleotidesdenovobiosynthesis",33,33,68653,66164,0,0,Inf,1,1,0.0242810110357497,0.290584364571361,0.933406868817327,0.997088382213825
"PWY_5989_stearatebiosynthesisII_bacteriaandplants_",32,33,9145,8614,0,0,39.000549968693,1,1,-0.0234548327452469,0.499570019516291,0.962553045333676,0.997088382213825
"TCA_TCAcycleI_prokaryotic_",33,31,9166,9538,Inf,0.188738593461553,Inf,0.492307692307692,1,0.0232726997462057,0.444957405200348,0.958287097148121,0.997088382213825
"PWY_6549_L_glutaminebiosynthesisIII",33,32,11209,10233,Inf,0.0256406640625001,Inf,1,1,-0.0229102368994501,0.437314766234946,0.95821918773236,0.997088382213825
"PWY_6895_superpathwayofthiamindiphosphatebiosynthesisII",33,32,16109,14681,Inf,0.0256406640625001,Inf,1,1,-0.0228453921441795,0.665313120736613,0.97260777867473,0.997088382213825
"PWY_6435_4_hydroxybenzoatebiosynthesisV",9,9,481,404,1,0.293690156951525,3.40494897881462,1,1,0.022456630776729,0.52374527725505,0.96579957634131,0.997088382213825
"COA_PWY_1_coenzymeAbiosynthesisII_mammalian_",33,33,88932,84215,0,0,Inf,1,1,0.0223288074892486,0.270169558644323,0.934131922463011,0.997088382213825
"THISYN_PWY_superpathwayofthiamindiphosphatebiosynthesisI",33,33,25447,24743,0,0,Inf,1,1,-0.0221595985615929,0.406648889409023,0.956542227524529,0.997088382213825
"PWY_6121_5_aminoimidazoleribonucleotidebiosynthesisI",33,33,82556,76754,0,0,Inf,1,1,0.0218320214768265,0.29390313066064,0.940785162480279,0.997088382213825
"ARGININE_SYN4_PWY_L_ornithinedenovobiosynthesis",32,32,10398,10666,1,0.0123656541128814,80.869155070276,1,1,0.021634255409189,1.04861856011014,0.983539854670147,0.997088382213825
"PWY_5973_cis_vaccenatebiosynthesis",33,33,19130,18386,0,0,Inf,1,1,-0.0211047574858672,0.528679189489895,0.968157080681098,0.997088382213825
"TCA_GLYOX_BYPASS_superpathwayofglyoxylatebypassandTCA",11,9,452,386,1.32751089665728,0.409822322250051,4.39814136559203,0.789294160692689,1,0.0204755166357315,0.517774318944562,0.968455674735098,0.997088382213825
"PWY_6122_5_aminoimidazoleribonucleotidebiosynthesisII",33,33,87114,82188,0,0,Inf,1,1,0.0196664236105258,0.300511324435085,0.947821126759048,0.997088382213825
"PWY_6277_superpathwayof5_aminoimidazoleribonucleotidebiosynthesis",33,33,87114,82188,0,0,Inf,1,1,0.0196664236105258,0.300511324435085,0.947821126759048,0.997088382213825
"PYRIDNUCSYN_PWY_NADbiosynthesisI_fromaspartate_",33,33,50126,49069,0,0,Inf,1,1,0.0193342776438726,0.269531676055504,0.942814506019446,0.997088382213825
"PWY0_1533_methylphosphonatedegradationI",1,0,1,0,Inf,0.0256406640625,Inf,1,1,-0.0193288354828977,0.0248782381158167,0.437195660628129,0.997088382213825
"GLYCOLYSIS_TCA_GLYOX_BYPASS_superpathwayofglycolysis_pyruvatedehydrogenase_TCA_andglyoxylatebypass",11,9,832,676,1.32751089665728,0.409822322250051,4.39814136559203,0.789294160692689,1,-0.0188197396975159,0.501052111509073,0.970038146890327,0.997088382213825
"GALACTARDEG_PWY_D_galactaratedegradationI",21,18,810,617,1.44994696185294,0.487443356835685,4.39343190948619,0.617010258595774,1,-0.0181423440453609,0.337827968539997,0.957171866532752,0.997088382213825
"GLUCARGALACTSUPER_PWY_superpathwayofD_glucarateandD_galactaratedegradation",21,18,810,617,1.44994696185294,0.487443356835685,4.39343190948619,0.617010258595774,1,-0.0181423440453609,0.337827968539997,0.957171866532752,0.997088382213825
"HEMESYN2_PWY_hemebiosynthesisII_anaerobic_",27,24,1367,1354,1.6741344540437,0.45347171331827,6.62692775194746,0.557965593995684,1,-0.0174574825217739,0.240847927892238,0.942217196351611,0.997088382213825
"PWY_2942_L_lysinebiosynthesisIII",33,33,67917,65207,0,0,Inf,1,1,0.0173197209548597,0.251688916851922,0.945137674652547,0.997088382213825
"PWY_5971_palmitatebiosynthesisII_bacteriaandplants_",28,27,7409,7488,1.24032648400159,0.278047970703147,5.79562439665393,1,1,-0.0171055361882678,0.164123607372761,0.916991988149263,0.997088382213825
"PWY_7200_superpathwayofpyrimidinedeoxyribonucleosidesalvage",2,2,192,181,1,0.0684760891341724,14.6036377463175,1,1,-0.016975552285534,1.05980166928028,0.987220295723672,0.997088382213825
"FUC_RHAMCAT_PWY_superpathwayoffucoseandrhamnosedegradation",31,32,5189,5698,0.489550395257211,0.00797152127900088,9.85168223013781,1,1,0.0161001972373804,0.69862239635305,0.981613870579387,0.997088382213825
"PWY_7456_mannandegradation",33,32,13793,12220,Inf,0.0256406640625001,Inf,1,1,0.0145586713147738,0.571859421572835,0.979689266367047,0.997088382213825
"PWY0_1298_superpathwayofpyrimidinedeoxyribonucleosidesdegradation",28,28,3362,3210,1,0.205075493360302,4.8762530501052,1,1,-0.0139292871649244,0.224866391285797,0.950606849063971,0.997088382213825
"PWY_6737_starchdegradationV",33,33,106296,97335,0,0,Inf,1,1,-0.0136767287037066,0.267301460073281,0.959193297480908,0.997088382213825
"KDO_NAGLIPASYN_PWY_superpathwayof_Kdo_2_lipidAbiosynthesis",2,2,16,13,1,0.0684760891341724,14.6036377463175,1,1,0.0130121812445486,1.04376956084108,0.990053408348958,0.997088382213825
"PWY_6126_superpathwayofadenosinenucleotidesdenovobiosynthesisII",33,33,52297,51559,0,0,Inf,1,1,-0.0129434528086854,0.303522286790202,0.965985193300463,0.997088382213825
"PWY_5505_L_glutamateandL_glutaminebiosynthesis",32,31,9772,10028,2.04269061916414,0.10150550704334,125.446569732464,1,1,0.01269891364632,0.817988022898315,0.987613681535369,0.997088382213825
"SER_GLYSYN_PWY_superpathwayofL_serineandglycinebiosynthesisI",33,33,55125,50114,0,0,Inf,1,1,-0.0125162778790717,0.310112838273476,0.967805801549495,0.997088382213825
"POLYAMINSYN3_PWY_superpathwayofpolyaminebiosynthesisII",14,11,777,663,1.46497828707434,0.484414396508426,4.5252335812108,0.612281990183376,1,-0.0123597377864796,0.444435944842452,0.977813736573062,0.997088382213825
"PWY_5136_fattyacid_beta__oxidationII_peroxisome_",17,20,1486,1560,0.69454490327225,0.232251338024684,2.04262848344446,0.620283675188972,1,-0.0112232060177073,0.374177555805754,0.976071573159475,0.997088382213825
"PWY_7220_adenosinedeoxyribonucleotidesdenovobiosynthesisII",33,33,43445,45547,0,0,Inf,1,1,-0.0110975009195201,0.374494987571874,0.976359552973835,0.997088382213825
"PWY_7222_guanosinedeoxyribonucleotidesdenovobiosynthesisII",33,33,43445,45547,0,0,Inf,1,1,-0.0110975009195201,0.374494987571874,0.976359552973835,0.997088382213825
"PWY_5690_TCAcycleII_plantsandfungi_",33,32,6404,6957,Inf,0.0256406640625001,Inf,1,1,0.0108444399815497,0.540180352894048,0.983983071558951,0.997088382213825
"PWY_7196_superpathwayofpyrimidineribonucleosidessalvage",33,32,13277,12681,Inf,0.0256406640625001,Inf,1,1,-0.0104874787474928,0.474469155918887,0.982365310905795,0.997088382213825
"PWY_5791_1_4_dihydroxy_2_naphthoatebiosynthesisII_plants_",12,10,325,330,1.30883118923354,0.417602036687667,4.1775284619267,0.794402181039532,1,-0.0103324003161102,0.453113041292543,0.981807302967714,0.997088382213825
"PWY_5837_1_4_dihydroxy_2_naphthoatebiosynthesisI",12,10,325,330,1.30883118923354,0.417602036687667,4.1775284619267,0.794402181039532,1,-0.0103324003161102,0.453113041292543,0.981807302967714,0.997088382213825
"AEROBACTINSYN_PWY_aerobactinbiosynthesis",1,1,10,7,1,0.0123656541128817,80.8691550702741,1,1,-0.00964108699095826,0.0897847199691852,0.914487487218886,0.997088382213825
"PWY_5154_L_argininebiosynthesisIII_viaN_acetyl_L_citrulline_",33,33,20941,21018,0,0,Inf,1,1,0.00863466556868634,0.518833217369668,0.986721844137476,0.997088382213825
"PWY_5863_superpathwayofphylloquinolbiosynthesis",12,10,357,358,1.30883118923354,0.417602036687667,4.1775284619267,0.794402181039532,1,-0.00841680599684969,0.4505274886947,0.985094696561677,0.997088382213825
"PWY_5100_pyruvatefermentationtoacetateandlactateII",33,33,43398,39250,0,0,Inf,1,1,0.00823441555096203,0.395840509576364,0.983403317621999,0.997088382213825
"COLANSYN_PWY_colanicacidbuildingblocksbiosynthesis",33,33,15381,15237,0,0,Inf,1,1,0.00806324138376064,0.438520255018184,0.985329814918549,0.997088382213825
"PWY_6385_peptidoglycanbiosynthesisIII_mycobacteria_",33,33,82539,76856,0,0,Inf,1,1,0.00802836448880595,0.264534786547802,0.975788723472628,0.997088382213825
"PWY_5659_GDP_mannosebiosynthesis",33,33,18544,17616,0,0,Inf,1,1,0.00783441577946064,0.493961313714738,0.98734577555696,0.997088382213825
"PWY66_367_ketogenesis",1,1,5,3,1,0.0123656541128817,80.8691550702741,1,1,0.00721978998002469,0.0505695412546707,0.886472196703763,0.997088382213825
"PWY_5754_4_hydroxybenzoatebiosynthesisI_eukaryotes_",1,1,3,4,1,0.0123656541128817,80.8691550702741,1,1,0.00614932226140179,0.0598906279376668,0.918220226245165,0.997088382213825
"PWY_7400_L_argininebiosynthesisIV_archaebacteria_",33,33,75673,70016,0,0,Inf,1,1,0.00551739593877227,0.296358248697839,0.985146386977302,0.997088382213825
"DTDPRHAMSYN_PWY_dTDP_L_rhamnosebiosynthesisI",33,33,92513,85169,0,0,Inf,1,1,0.00544513360057467,0.285219108571725,0.984768467453774,0.997088382213825
"PEPTIDOGLYCANSYN_PWY_peptidoglycanbiosynthesisI_meso_diaminopimelatecontaining_",33,33,88268,82544,0,0,Inf,1,1,0.00503712989233448,0.265606821460164,0.98486933712775,0.997088382213825
"PWY3O_1109_superpathwayof4_hydroxybenzoatebiosynthesis_yeast_",1,1,4,5,1,0.0123656541128817,80.8691550702741,1,1,0.00503474732533273,0.0678237750191748,0.940825163649887,0.997088382213825
"ARGSYN_PWY_L_argininebiosynthesisI_viaL_ornithine_",33,33,75720,70022,0,0,Inf,1,1,0.00475313675449121,0.296317222362697,0.987201919037624,0.997088382213825
"PWY_7221_guanosineribonucleotidesdenovobiosynthesis",33,33,95371,89937,0,0,Inf,1,1,-0.00464084202889986,0.242033675599476,0.984702007640294,0.997088382213825
"PWY_5686_UMPbiosynthesis",33,33,92659,87375,0,0,Inf,1,1,0.00458230483152567,0.249618202401442,0.985353852779032,0.997088382213825
"PWY_724_superpathwayofL_lysine_L_threonineandL_methioninebiosynthesisII",33,33,63938,59702,0,0,Inf,1,1,-0.00397426820535866,0.266244578639995,0.988090313420046,0.997088382213825
"PWY_7229_superpathwayofadenosinenucleotidesdenovobiosynthesisI",33,33,56732,55429,0,0,Inf,1,1,-0.00346347155313397,0.28824736583652,0.990413150951672,0.997088382213825
"PWY_3841_folatetransformationsII",33,33,78173,73542,0,0,Inf,1,1,0.00334689060660788,0.263162709915638,0.989852816322054,0.997088382213825
"FAO_PWY_fattyacid_beta__oxidationI",17,20,1653,1696,0.69454490327225,0.232251338024684,2.04262848344446,0.620283675188972,1,-0.00307741562928468,0.359639550687167,0.993172629516002,0.997088382213825
"PWY_2941_L_lysinebiosynthesisII",32,32,17781,14155,1,0.0123656541128814,80.869155070276,1,1,0.00269664377226974,0.718013782814415,0.997003392657339,0.997088382213825
"PWY_5030_L_histidinedegradationIII",31,31,8933,9580,1,0.0684760891341722,14.6036377463174,1,1,0.00192514041783344,0.165489898975321,0.990718435490147,0.997088382213825
"PWY_6386_UDP_N_acetylmuramoyl_pentapeptidebiosynthesisII_lysine_containing_",33,33,90995,84013,0,0,Inf,1,1,-0.00185111305573493,0.262801943975464,0.994379941441866,0.997088382213825
"PWY_6387_UDP_N_acetylmuramoyl_pentapeptidebiosynthesisI_meso_diaminopimelatecontaining_",33,33,88554,82089,0,0,Inf,1,1,0.000962121625902561,0.263654209974685,0.997088382213825,0.997088382213825
"PWY_7409_phospholipidremodeling_phosphatidylethanolamine_yeast_",1,1,3,3,1,0.0123656541128817,80.8691550702741,1,1,-0.000357732957544746,0.0554550088897319,0.994852987497219,0.997088382213825
