"","feature","metadata","value","coef","stderr","pval","name","qval","N","N.not.zero"
"1","s__Methanobrevibacter_smithii","Status","TS",-52.2671078589197,33.8391707223323,0.127707749722485,"StatusTS",0.810916985947485,63,7
"2","s__Bifidobacterium_adolescentis","Status","TS",-1947.64225569336,787.558101622608,0.0162478170689761,"StatusTS",0.810916985947485,63,63
"3","s__Bifidobacterium_adolescentis","Sex","M",1371.44973742866,798.937239642007,0.0912125848621839,"SexM",0.810916985947485,63,63
"4","s__Bifidobacterium_animalis","Status","TS",82.7250688846036,69.2045837027848,0.236645892906498,"StatusTS",0.810916985947485,63,11
"5","s__Bifidobacterium_bifidum","Status","TS",-341.038772427874,230.658495951007,0.144493103533619,"StatusTS",0.810916985947485,63,29
"6","s__Bifidobacterium_bifidum","Sex","M",353.223987950901,233.991195919893,0.136403965255833,"SexM",0.810916985947485,63,29
"7","s__Bifidobacterium_catenulatum","Status","TS",-113.206665431708,71.4043445295213,0.118125314020125,"StatusTS",0.810916985947485,63,14
"8","s__Bifidobacterium_longum","Sex","M",559.299823784066,511.715990861729,0.27876776208451,"SexM",0.810916985947485,63,63
"9","s__Bifidobacterium_pseudocatenulatum","Status","TS",248.229474104437,176.2728280792,0.164229016390091,"StatusTS",0.810916985947485,63,45
"10","s__Collinsella_aerofaciens","Status","TS",-319.24793308452,254.725721719535,0.214958289471456,"StatusTS",0.810916985947485,63,57
"11","s__Asaccharobacter_celatus","Status","TS",-51.8278436349435,31.0348487172144,0.10013116201805,"StatusTS",0.810916985947485,63,56
"12","s__Asaccharobacter_celatus","Sex","M",38.2332745473494,31.4832598582296,0.229353016488834,"SexM",0.810916985947485,63,56
"13","s__Bacteroides_cellulosilyticus","Sex","M",85.9168274984612,64.9876556375144,0.191170170991956,"SexM",0.810916985947485,63,20
"14","s__Bacteroides_dorei","Status","TS",-299.4826057541,249.710530758164,0.235118769577931,"StatusTS",0.810916985947485,63,31
"15","s__Bacteroides_eggerthii","Status","TS",218.160353257185,164.648339683178,0.190192565589839,"StatusTS",0.810916985947485,63,8
"16","s__Bacteroides_eggerthii","Sex","M",-297.725767564797,167.027283126283,0.0797275246910851,"SexM",0.810916985947485,63,8
"17","s__Bacteroides_fragilis","Status","TS",-773.060201770507,645.226151693594,0.235580573073452,"StatusTS",0.810916985947485,63,45
"18","s__Bacteroides_uniformis","Status","TS",-580.818226803244,456.944781459474,0.208602279959247,"StatusTS",0.810916985947485,63,63
"19","s__Bacteroides_vulgatus","Status","TS",644.536185789793,459.029361153626,0.165435885285321,"StatusTS",0.810916985947485,63,62
"20","s__Bacteroides_xylanisolvens","Sex","M",325.520901269021,254.120667327688,0.205133472788351,"SexM",0.810916985947485,63,37
"21","s__Barnesiella_intestinihominis","Sex","M",-186.421360227495,97.6936865965514,0.0611503078706884,"SexM",0.810916985947485,63,27
"22","s__Prevotella_copri","Sex","M",-177.503845184703,155.580492061823,0.258439482215066,"SexM",0.810916985947485,63,8
"23","s__Alistipes_indistinctus","Sex","M",-22.4885513645732,15.3534947580209,0.148218104121331,"SexM",0.810916985947485,63,11
"24","s__Parabacteroides_distasonis","Status","TS",125.039858900899,108.911051379685,0.255487690781399,"StatusTS",0.810916985947485,63,47
"25","s__Lactobacillus_rogosae","Status","TS",-1.28758168169821,0.87179010842824,0.144921506472614,"StatusTS",0.810916985947485,63,10
"26","s__Streptococcus_parasanguinis","Status","TS",-4.17109185332666,1.6973289755701,0.0169000937194716,"StatusTS",0.810916985947485,63,19
"27","s__Streptococcus_parasanguinis","Sex","M",3.14954101085923,1.72185305911079,0.0723464192966586,"SexM",0.810916985947485,63,19
"28","s__Christensenella_minuta","Status","TS",11.1697146785159,5.29166693364989,0.038964727642293,"StatusTS",0.810916985947485,63,10
"29","s__Christensenella_minuta","Sex","M",-10.3239330737045,5.36812428742053,0.059205226137249,"SexM",0.810916985947485,63,10
"30","s__Clostridium_disporicum","Sex","M",-24.0852092314324,19.8202118526336,0.229056075544887,"SexM",0.810916985947485,63,17
"31","s__Clostridium_sp_CAG_299","Sex","M",5.414652839022,3.86922078900082,0.166836927513572,"SexM",0.810916985947485,63,7
"32","s__Intestinimonas_butyriciproducens","Status","TS",10.2431424868381,5.26697991690666,0.0564922601934534,"StatusTS",0.810916985947485,63,10
"33","s__Intestinimonas_butyriciproducens","Sex","M",-8.66291693308693,5.34308057703117,0.110190029860077,"SexM",0.810916985947485,63,10
"34","s__Monoglobus_pectinilyticus","Status","TS",460.381408616265,332.117662870795,0.170815995280349,"StatusTS",0.810916985947485,63,39
"35","s__Monoglobus_pectinilyticus","Sex","M",-517.152268120283,336.916309112515,0.130050981400465,"SexM",0.810916985947485,63,39
"36","s__Eubacterium_eligens","Status","TS",-28.2342470209785,17.6804002504342,0.115536668719434,"StatusTS",0.810916985947485,63,33
"37","s__Eubacterium_sp_CAG_180","Sex","M",35.4521795251382,32.5502560707397,0.280442124306839,"SexM",0.810916985947485,63,14
"38","s__Eubacterium_sp_CAG_274","Sex","M",23.4121211384117,19.9424613088212,0.245040507291273,"SexM",0.810916985947485,63,16
"39","s__Eubacterium_sp_CAG_38","Status","TS",-9.94045288185307,4.82082664338186,0.0435484164287601,"StatusTS",0.810916985947485,63,22
"40","s__Eubacterium_sp_CAG_38","Sex","M",-6.56677235040575,4.89048099857116,0.184405653338376,"SexM",0.810916985947485,63,22
"41","s__Eubacterium_ventriosum","Status","TS",-56.6675314395892,37.0396721378299,0.131293443699349,"StatusTS",0.810916985947485,63,30
"42","s__Blautia_hydrogenotrophica","Sex","M",54.5199769287478,31.1188559044711,0.0848846797253483,"SexM",0.810916985947485,63,19
"43","s__Blautia_obeum","Sex","M",421.492745653676,310.779082986528,0.180103039542887,"SexM",0.810916985947485,63,62
"44","s__Blautia_sp_CAG_257","Status","TS",199.592889121262,111.235423248077,0.0777990298666923,"StatusTS",0.810916985947485,63,14
"45","s__Ruminococcus_gnavus","Status","TS",756.578632169196,649.678919106801,0.24881377213955,"StatusTS",0.810916985947485,63,50
"46","s__Ruminococcus_torques","Sex","M",535.998569678131,405.637865989002,0.191394101356316,"SexM",0.810916985947485,63,62
"47","s__Coprococcus_catus","Status","TS",-119.091791151064,73.6108955538746,0.110939418068471,"StatusTS",0.810916985947485,63,51
"48","s__Coprococcus_comes","Sex","M",436.682208835847,328.368582789005,0.188599987622226,"SexM",0.810916985947485,63,63
"49","s__Dorea_formicigenerans","Sex","M",168.195792686935,130.278197279275,0.201638245733228,"SexM",0.810916985947485,63,62
"50","s__Dorea_longicatena","Status","TS",566.199793425183,427.231140082156,0.190103720232636,"StatusTS",0.810916985947485,63,63
"51","s__Fusicatenibacter_saccharivorans","Status","TS",1624.48391091729,1144.15876319689,0.160839180105062,"StatusTS",0.810916985947485,63,63
"52","s__Clostridium_bolteae","Status","TS",24.7015486314698,20.8571669561841,0.240957029731541,"StatusTS",0.810916985947485,63,11
"53","s__Eubacterium_rectale","Status","TS",-777.350165536274,633.03858662236,0.224255082541151,"StatusTS",0.810916985947485,63,63
"54","s__Roseburia_faecis","Status","TS",-352.190175225553,290.130073539395,0.229540882091377,"StatusTS",0.810916985947485,63,57
"55","s__Roseburia_faecis","Sex","M",-344.100121582263,294.322056510024,0.246975952470383,"SexM",0.810916985947485,63,57
"56","s__Roseburia_hominis","Status","TS",-198.498465889203,146.642958496957,0.180935873102099,"StatusTS",0.810916985947485,63,57
"57","s__Roseburia_sp_CAG_471","Sex","M",18.6574002282072,14.5444328087815,0.204500338568858,"SexM",0.810916985947485,63,30
"58","s__Sellimonas_intestinalis","Status","TS",35.907464848059,32.9004903611559,0.27946199312619,"StatusTS",0.810916985947485,63,21
"59","s__Sellimonas_intestinalis","Sex","M",-60.449912551031,33.3758574736955,0.07511840340919,"SexM",0.810916985947485,63,21
"60","s__Tyzzerella_nexilis","Status","TS",2.44006196980455,1.36012662018596,0.0778526617840975,"StatusTS",0.810916985947485,63,9
"61","s__Tyzzerella_nexilis","Sex","M",-3.43959324772669,1.37977859062861,0.0154493378847966,"SexM",0.810916985947485,63,9
"62","s__Oscillibacter_sp_57_20","Sex","M",-17.5944699130277,9.62527701208539,0.0725308675748663,"SexM",0.810916985947485,63,45
"63","s__Oscillibacter_sp_CAG_241","Status","TS",-14.0814901520585,10.1600567374291,0.170887096179279,"StatusTS",0.810916985947485,63,25
"64","s__Intestinibacter_bartlettii","Sex","M",-46.4715689034468,32.6044283918277,0.15924787324941,"SexM",0.810916985947485,63,42
"65","s__Romboutsia_ilealis","Sex","M",-0.513716801461163,0.349239357908578,0.14652755309419,"SexM",0.810916985947485,63,12
"66","s__Anaerotruncus_colihominis","Status","TS",8.49570454083579,7.02148271296433,0.23104021177191,"StatusTS",0.810916985947485,63,22
"67","s__Faecalibacterium_prausnitzii","Status","TS",-394.783802493924,351.56265094623,0.265936275561875,"StatusTS",0.810916985947485,63,63
"68","s__Flavonifractor_plautii","Status","TS",108.205291099277,46.0554588417886,0.0221100376384391,"StatusTS",0.810916985947485,63,44
"69","s__Gemmiger_formicilis","Sex","M",38.8334181977546,19.4713629000568,0.0506594158018804,"SexM",0.810916985947485,63,56
"70","s__Clostridium_leptum","Sex","M",42.0838710824519,27.1738463447735,0.126715123870194,"SexM",0.810916985947485,63,43
"71","s__Eubacterium_siraeum","Sex","M",-63.2051297564716,50.62428518526,0.216692682024921,"SexM",0.810916985947485,63,32
"72","s__Ruminococcus_bicirculans","Status","TS",-151.313941862668,77.4482472597478,0.0553983129243308,"StatusTS",0.810916985947485,63,37
"73","s__Ruminococcus_callidus","Status","TS",-4.96821867053363,3.0747737802855,0.111384260725419,"StatusTS",0.810916985947485,63,15
"74","s__Coprobacillus_cateniformis","Status","TS",-49.8672958523577,43.5735489856491,0.256986389623097,"StatusTS",0.810916985947485,63,10
"75","s__Clostridium_spiroforme","Status","TS",10.6864044563738,5.10103095776134,0.0404053677979432,"StatusTS",0.810916985947485,63,26
"76","s__Holdemania_filiformis","Status","TS",8.35532994757149,6.0204172909074,0.170320571174085,"StatusTS",0.810916985947485,63,19
"77","s__Firmicutes_bacterium_CAG_145","Status","TS",11.8963607901729,10.5919420128394,0.265847012155746,"StatusTS",0.810916985947485,63,14
"78","s__Firmicutes_bacterium_CAG_145","Sex","M",-20.3182018456618,10.7449810963169,0.0634622690383814,"SexM",0.810916985947485,63,14
"79","s__Firmicutes_bacterium_CAG_83","Status","TS",-26.3312017963,24.1213395208243,0.279366738722909,"StatusTS",0.810916985947485,63,47
"80","s__Bilophila_wadsworthia","Status","TS",3.05163634159324,2.63034720640911,0.250577369021159,"StatusTS",0.810916985947485,63,21
"81","s__Bilophila_wadsworthia","Sex","M",-3.03323906844513,2.6683521280003,0.260164104072027,"SexM",0.810916985947485,63,21
"82","s__Proteobacteria_bacterium_CAG_139","Status","TS",-35.4282765440562,32.092650414689,0.274028042740415,"StatusTS",0.810916985947485,63,20
"83","s__Akkermansia_muciniphila","Status","TS",-177.946999260327,123.262168746587,0.154039745919724,"StatusTS",0.810916985947485,63,35
"84","s__Adlercreutzia_equolifaciens","Sex","M",23.1380057396921,21.5511181434811,0.287285913188001,"SexM",0.820816894822859,63,55
"85","s__Collinsella_aerofaciens","Sex","M",268.247065552146,258.406160202189,0.303396841956587,"SexM",0.826138636666463,63,57
"86","s__Adlercreutzia_equolifaciens","Status","TS",-22.0408047983073,21.2441689418931,0.303666569664811,"StatusTS",0.826138636666463,63,55
"87","s__Bacteroides_massiliensis","Status","TS",14.5907516668603,14.4503636830175,0.316686477388811,"StatusTS",0.826138636666463,63,9
"88","s__Parabacteroides_distasonis","Sex","M",113.423283180867,110.484667196643,0.308731083595408,"SexM",0.826138636666463,63,47
"89","s__Eubacterium_sp_CAG_274","Status","TS",20.1911545455363,19.6584239546714,0.308496688011032,"StatusTS",0.826138636666463,63,16
"90","s__Anaerostipes_hadrus","Status","TS",887.76776638657,875.069944545611,0.314412837230245,"StatusTS",0.826138636666463,63,63
"91","s__Agathobaculum_butyriciproducens","Status","TS",25.6645479330823,25.0585183765995,0.309859750061043,"StatusTS",0.826138636666463,63,49
"92","s__Haemophilus_parainfluenzae","Sex","M",-0.596807981121396,0.580879549478769,0.308346416328172,"SexM",0.826138636666463,63,7
"93","s__Bacteroides_cellulosilyticus","Status","TS",-59.2781834555508,64.0620466329976,0.358503976891522,"StatusTS",0.847249196282079,63,20
"94","s__Bacteroides_faecis","Status","TS",146.324251331881,161.96091020956,0.369897977941496,"StatusTS",0.847249196282079,63,14
"95","s__Bacteroides_intestinalis","Sex","M",-67.2323690544307,70.967285458558,0.347249670300144,"SexM",0.847249196282079,63,8
"96","s__Bacteroides_ovatus","Sex","M",312.559367606229,363.561121677063,0.393367608460528,"SexM",0.847249196282079,63,55
"97","s__Parabacteroides_goldsteinii","Sex","M",-156.619182143702,160.682094677479,0.333615343533576,"SexM",0.847249196282079,63,7
"98","s__Streptococcus_salivarius","Status","TS",-12.967200785061,14.6915429331779,0.380958691255314,"StatusTS",0.847249196282079,63,46
"99","s__Hungatella_hathewayi","Status","TS",-95.6984558177055,107.125176325702,0.375248095913617,"StatusTS",0.847249196282079,63,19
"100","s__Anaerostipes_hadrus","Sex","M",811.438901210314,887.713509071323,0.364334922916728,"SexM",0.847249196282079,63,63
"101","s__Blautia_sp_CAG_257","Sex","M",-101.583437648075,112.842623061244,0.371601081816931,"SexM",0.847249196282079,63,14
"102","s__Blautia_wexlerae","Status","TS",729.448648828862,808.369741101671,0.370468689445669,"StatusTS",0.847249196282079,63,63
"103","s__Eisenbergiella_massiliensis","Status","TS",92.3111453782504,104.34881955348,0.379882198714372,"StatusTS",0.847249196282079,63,8
"104","s__Lachnospira_pectinoschiza","Sex","M",-15.8422115649258,17.9945794466599,0.382162002027436,"SexM",0.847249196282079,63,26
"105","s__Roseburia_intestinalis","Status","TS",238.159198565951,259.477143504652,0.362376138633304,"StatusTS",0.847249196282079,63,42
"106","s__Roseburia_sp_CAG_471","Status","TS",-12.9066153284765,14.3372787294209,0.371605560948608,"StatusTS",0.847249196282079,63,30
"107","s__Oscillibacter_sp_57_20","Status","TS",-8.12224142235028,9.48818569857428,0.39538295826497,"StatusTS",0.847249196282079,63,45
"108","s__Eubacterium_siraeum","Status","TS",-47.0301192601548,49.9032514173077,0.349753883967227,"StatusTS",0.847249196282079,63,32
"109","s__Ruminococcus_bromii","Status","TS",-219.524847461318,246.707543863476,0.377117499670837,"StatusTS",0.847249196282079,63,59
"110","s__Ruminococcus_lactaris","Status","TS",160.0379127703,183.01639668273,0.38536237975785,"StatusTS",0.847249196282079,63,39
"111","s__Ruthenibacterium_lactatiformans","Status","TS",63.110511955446,68.3107008765567,0.359252357750354,"StatusTS",0.847249196282079,63,58
"112","s__Dialister_invisus","Status","TS",-20.8112370370519,24.1757268897975,0.392757627537744,"StatusTS",0.847249196282079,63,47
"113","s__Bifidobacterium_pseudocatenulatum","Sex","M",-151.00411257039,178.819729489586,0.401773193680336,"SexM",0.853323597197174,63,45
"114","s__Fusicatenibacter_saccharivorans","Sex","M",966.413451495748,1160.69029332235,0.408361301839759,"SexM",0.859708003873177,63,63
"115","s__Bacteroides_stercoris","Status","TS",-142.171087575598,172.197378927522,0.412285608983921,"StatusTS",0.860422140488183,63,19
"116","s__Clostridium_sp_CAG_58","Sex","M",7.30184201778888,8.97117352868718,0.418907739248066,"SexM",0.866705667409792,63,38
"117","s__Bacteroides_vulgatus","Sex","M",374.241547037103,465.66170795415,0.424756227859304,"SexM",0.87129482637806,63,62
"118","s__Methanobrevibacter_smithii","Sex","M",22.9837534329654,34.328100482966,0.505724753337165,"SexM",0.880391494824935,63,7
"119","s__Bifidobacterium_longum","Status","TS",-332.797104309652,504.427700120195,0.511937715681081,"StatusTS",0.880391494824935,63,63
"120","s__Eggerthella_lenta","Sex","M",57.033426342003,74.5509532390371,0.447254714280016,"SexM",0.880391494824935,63,49
"121","s__Bacteroides_dorei","Sex","M",151.537390190795,253.318506586919,0.551952082214335,"SexM",0.880391494824935,63,31
"122","s__Bacteroides_faecis","Sex","M",110.498750506666,164.301023970341,0.503822898121045,"SexM",0.880391494824935,63,14
"123","s__Bacteroides_fragilis","Sex","M",413.869051164863,654.548787596545,0.529595202598759,"SexM",0.880391494824935,63,45
"124","s__Bacteroides_stercoris","Sex","M",-106.614080772194,174.685395668583,0.543954386565305,"SexM",0.880391494824935,63,19
"125","s__Bacteroides_uniformis","Sex","M",354.090593940388,463.547008932925,0.447937025222948,"SexM",0.880391494824935,63,63
"126","s__Coprobacter_sp","Status","TS",-6.12085627181345,10.7603878356797,0.571593120380787,"StatusTS",0.880391494824935,63,17
"127","s__Alistipes_finegoldii","Sex","M",37.7969295407491,59.1268956205367,0.525092757627445,"SexM",0.880391494824935,63,46
"128","s__Alistipes_indistinctus","Status","TS",8.34862456479954,15.1348173359872,0.583259365321519,"StatusTS",0.880391494824935,63,11
"129","s__Alistipes_shahii","Status","TS",-18.3336817153878,27.8632308985021,0.513062343400582,"StatusTS",0.880391494824935,63,36
"130","s__Alistipes_shahii","Sex","M",-17.9232448724517,28.2658164974658,0.528428280584437,"SexM",0.880391494824935,63,36
"131","s__Parabacteroides_goldsteinii","Status","TS",-118.31371500231,158.393524760021,0.458004582415971,"StatusTS",0.880391494824935,63,7
"132","s__Clostridium_sp_CAG_58","Status","TS",5.15951636625673,8.84339850868103,0.561789709062997,"StatusTS",0.880391494824935,63,38
"133","s__Hungatella_hathewayi","Sex","M",-78.9931885798605,108.672988689325,0.470120631699524,"SexM",0.880391494824935,63,19
"134","s__Lawsonibacter_asaccharolyticus","Status","TS",0.670437169253067,1.12003840848249,0.55170346002689,"StatusTS",0.880391494824935,63,12
"135","s__Eubacterium_eligens","Sex","M",-11.4392113157786,17.9358578659085,0.526040597805129,"SexM",0.880391494824935,63,33
"136","s__Eubacterium_hallii","Status","TS",191.183951127963,273.177859854602,0.486724703744911,"StatusTS",0.880391494824935,63,63
"137","s__Eubacterium_ramulus","Status","TS",21.5106289894918,29.3014488879337,0.465737964146653,"StatusTS",0.880391494824935,63,43
"138","s__Eubacterium_ventriosum","Sex","M",22.7037438049713,37.5748447690063,0.547970605755648,"SexM",0.880391494824935,63,30
"139","s__Blautia_wexlerae","Sex","M",605.030012387372,820.049578863164,0.463513741668926,"SexM",0.880391494824935,63,63
"140","s__Ruminococcus_gnavus","Sex","M",411.308721400532,659.065891412183,0.534941888346251,"SexM",0.880391494824935,63,50
"141","s__Eisenbergiella_massiliensis","Sex","M",63.0708712533847,105.856517356873,0.553540034541177,"SexM",0.880391494824935,63,8
"142","s__Eisenbergiella_tayi","Status","TS",-7.97677376698782,13.1980931722283,0.547864204624744,"StatusTS",0.880391494824935,63,21
"143","s__Clostridium_bolteae","Sex","M",12.0372786321171,21.1585245080893,0.571541290208905,"SexM",0.880391494824935,63,11
"144","s__Clostridium_scindens","Status","TS",5.3754998152012,9.47597852494869,0.572642767519408,"StatusTS",0.880391494824935,63,9
"145","s__Clostridium_scindens","Sex","M",7.28316390361744,9.61289346148746,0.451628760789787,"SexM",0.880391494824935,63,9
"146","s__Clostridium_symbiosum","Status","TS",6.65797918503385,9.55954169613538,0.488821065668412,"StatusTS",0.880391494824935,63,16
"147","s__Clostridium_symbiosum","Sex","M",-6.06366921125361,9.6976640062715,0.534164145097966,"SexM",0.880391494824935,63,16
"148","s__Roseburia_intestinalis","Sex","M",152.481791966335,263.226233537166,0.564568662692248,"SexM",0.880391494824935,63,42
"149","s__Oscillibacter_sp_CAG_241","Sex","M",-7.33079093704428,10.3068556690406,0.479683011643645,"SexM",0.880391494824935,63,25
"150","s__Flavonifractor_plautii","Sex","M",-26.0263879091079,46.7208972667476,0.579557949080906,"SexM",0.880391494824935,63,44
"151","s__Ruminococcus_bromii","Sex","M",-177.659495214836,250.272130636522,0.480537501440513,"SexM",0.880391494824935,63,59
"152","s__Ruminococcus_lactaris","Sex","M",-103.160914098443,185.660733441345,0.580521605466408,"SexM",0.880391494824935,63,39
"153","s__Coprobacillus_cateniformis","Sex","M",-31.6014098696378,44.2031272058226,0.47743510991837,"SexM",0.880391494824935,63,10
"154","s__Clostridium_innocuum","Sex","M",5.43734069486563,8.40889074391265,0.520345112607615,"SexM",0.880391494824935,63,21
"155","s__Firmicutes_bacterium_CAG_110","Status","TS",-15.7686128937785,24.9604553980026,0.529954042942066,"StatusTS",0.880391494824935,63,21
"156","s__Phascolarctobacterium_faecium","Status","TS",5.16013537959646,9.1801695095387,0.57614465520674,"StatusTS",0.880391494824935,63,18
"157","s__Dialister_invisus","Sex","M",13.8126485957594,24.5250330964526,0.575393303976316,"SexM",0.880391494824935,63,47
"158","s__Desulfovibrio_piger","Status","TS",-4.83216415667281,8.30943782238123,0.563063653727523,"StatusTS",0.880391494824935,63,8
"159","s__Desulfovibrio_piger","Sex","M",6.13539766433476,8.42949784036553,0.469537251113819,"SexM",0.880391494824935,63,8
"160","s__Bifidobacterium_catenulatum","Sex","M",39.3475396813549,72.4360397021215,0.589001885866942,"SexM",0.883502828800413,63,14
"161","s__Clostridium_sp_CAG_167","Sex","M",-2.96945861508221,5.68714852663554,0.603498862659994,"SexM",0.894072389125916,63,15
"162","s__Holdemania_filiformis","Sex","M",-3.20275752760449,6.10740409117835,0.60192849058401,"SexM",0.894072389125916,63,19
"163","s__Gordonibacter_pamelaeae","Status","TS",-12.1928222834529,24.7778350324427,0.624454343478195,"StatusTS",0.897419415777046,63,55
"164","s__Streptococcus_thermophilus","Sex","M",-23.2117725139302,47.0444903947032,0.623530866501217,"SexM",0.897419415777046,63,22
"165","s__Clostridium_disporicum","Status","TS",-9.84517105181881,19.5379156783485,0.616176389674008,"StatusTS",0.897419415777046,63,17
"166","s__Roseburia_sp_CAG_182","Status","TS",32.7934053010213,66.0274491140773,0.621241437987847,"StatusTS",0.897419415777046,63,18
"167","s__Anaeromassilibacillus_sp_An250","Status","TS",-1.62942438301443,3.29292313158504,0.622530034290922,"StatusTS",0.897419415777046,63,15
"168","s__Clostridium_sp_CAG_167","Status","TS",2.66786876080364,5.60614736057348,0.6358861231425,"StatusTS",0.903033547657988,63,15
"169","s__Clostridium_innocuum","Status","TS",3.97711927215414,8.28912422957679,0.633114293075515,"StatusTS",0.903033547657988,63,21
"170","s__Bacteroides_intestinalis","Status","TS",-30.0215327366674,69.9565095226949,0.669354255731519,"StatusTS",0.909360919196089,63,8
"171","s__Eubacterium_hallii","Sex","M",-115.473432844876,277.12490651024,0.678396739714312,"SexM",0.909360919196089,63,63
"172","s__Eubacterium_ramulus","Sex","M",12.1962658072081,29.724814770879,0.683043081726993,"SexM",0.909360919196089,63,43
"173","s__Eubacterium_sp_CAG_180","Status","TS",-13.1458364310905,32.0866478697229,0.683486543386252,"StatusTS",0.909360919196089,63,14
"174","s__Coprococcus_comes","Status","TS",-149.138813173316,323.691680475045,0.646648396027987,"StatusTS",0.909360919196089,63,63
"175","s__Eisenbergiella_tayi","Sex","M",5.9231538464089,13.3887875774922,0.659792946146704,"SexM",0.909360919196089,63,21
"176","s__Roseburia_hominis","Sex","M",-61.229512805802,148.761748794298,0.682103316737684,"SexM",0.909360919196089,63,57
"177","s__Gemmiger_formicilis","Status","TS",-7.80268801960704,19.1940353267861,0.685809693227051,"StatusTS",0.909360919196089,63,56
"178","s__Ruminococcus_callidus","Sex","M",-1.41587210654297,3.11920005836226,0.651523011214023,"SexM",0.909360919196089,63,15
"179","s__Turicibacter_sanguinis","Sex","M",-3.93096214255222,9.5286460541247,0.681412962309693,"SexM",0.909360919196089,63,21
"180","s__Parasutterella_excrementihominis","Status","TS",-4.90672276188647,11.487082731006,0.670798096796722,"StatusTS",0.909360919196089,63,28
"181","s__Escherichia_coli","Status","TS",13.4802211862128,31.8879363618764,0.67399815218418,"StatusTS",0.909360919196089,63,20
"182","s__Agathobaculum_butyriciproducens","Sex","M",10.1845823414077,25.420579713511,0.690105926848596,"SexM",0.910029793646501,63,49
"183","s__Coprobacter_sp","Sex","M",-4.278334467032,10.9158607310409,0.696493134111588,"SexM",0.913433618507001,63,17
"184","s__Bacteroides_massiliensis","Sex","M",-5.42471770823064,14.6591516853767,0.712643301671111,"SexM",0.913438220224783,63,9
"185","s__Bacteroides_xylanisolvens","Status","TS",89.4092566383207,250.501266449092,0.722402924885978,"StatusTS",0.913438220224783,63,37
"186","s__Streptococcus_salivarius","Sex","M",-5.46892248782196,14.903815646023,0.714948960646588,"SexM",0.913438220224783,63,46
"187","s__Roseburia_sp_CAG_182","Sex","M",24.7239472715576,66.9814554978476,0.713340462986901,"SexM",0.913438220224783,63,18
"188","s__Intestinibacter_bartlettii","Status","TS",11.4397298989637,32.1400486229231,0.723138591011287,"StatusTS",0.913438220224783,63,42
"189","s__Escherichia_coli","Sex","M",-12.0422552523784,32.3486734532326,0.711007761561212,"SexM",0.913438220224783,63,20
"190","s__Proteobacteria_bacterium_CAG_139","Sex","M",11.6529805768731,32.5563453442754,0.721649834686037,"SexM",0.913438220224783,63,20
"191","s__Collinsella_stercoris","Status","TS",1.55928050405576,4.52753165377875,0.731749931632564,"StatusTS",0.91947635388385,63,24
"192","s__Bacteroides_caccae","Status","TS",48.3713067287472,165.306584327434,0.770825440364479,"StatusTS",0.929231132493199,63,43
"193","s__Bacteroides_thetaiotaomicron","Status","TS",-14.9112746218852,50.8024801331487,0.770141642447233,"StatusTS",0.929231132493199,63,29
"194","s__Alistipes_putredinis","Sex","M",-65.7329069716121,209.002271481575,0.754226230473525,"SexM",0.929231132493199,63,57
"195","s__Blautia_obeum","Status","TS",-88.9327973427952,306.352705164372,0.772591194157767,"StatusTS",0.929231132493199,63,62
"196","s__Roseburia_inulinivorans","Status","TS",25.2431317971889,80.1808592558479,0.753984964433134,"StatusTS",0.929231132493199,63,50
"197","s__Anaeromassilibacillus_sp_An250","Sex","M",-0.961976555942786,3.3405013695898,0.774359277077666,"SexM",0.929231132493199,63,15
"198","s__Faecalibacterium_prausnitzii","Sex","M",102.774377737324,356.642250685399,0.774208079026577,"SexM",0.929231132493199,63,63
"199","s__Clostridium_leptum","Status","TS",-8.57817010519057,26.7868135057314,0.749900095496949,"StatusTS",0.929231132493199,63,43
"200","s__Ruminococcus_bicirculans","Sex","M",-23.2439697514763,78.5672685651137,0.76836767475304,"SexM",0.929231132493199,63,37
"201","s__Collinsella_stercoris","Sex","M",1.24333425499137,4.59294829728658,0.787546975005312,"SexM",0.929945525236773,63,24
"202","s__Gordonibacter_pamelaeae","Sex","M",-6.70900749101652,25.13584087871,0.790453696451257,"SexM",0.929945525236773,63,55
"203","s__Firmicutes_bacterium_CAG_110","Sex","M",6.91413940701758,25.3210998589201,0.785745979234829,"SexM",0.929945525236773,63,21
"204","s__Firmicutes_bacterium_CAG_83","Sex","M",6.86460088576072,24.4698599043423,0.780033721824257,"SexM",0.929945525236773,63,47
"205","s__Dorea_formicigenerans","Status","TS",-32.487568617122,128.422665312304,0.801153194320489,"StatusTS",0.937935447009353,63,62
"206","s__Bacteroides_caccae","Sex","M",35.3944656362451,167.695038505864,0.833552188241475,"SexM",0.949061170838959,63,43
"207","s__Bacteroides_thetaiotaomicron","Sex","M",-10.8224145658767,51.5365065268482,0.834382946029251,"SexM",0.949061170838959,63,29
"208","s__Streptococcus_thermophilus","Status","TS",-10.4988858788773,46.3744430834857,0.821664665914285,"StatusTS",0.949061170838959,63,22
"209","s__Roseburia_inulinivorans","Sex","M",-17.3839574856531,81.3393630692256,0.831488975454912,"SexM",0.949061170838959,63,50
"210","s__Anaerotruncus_colihominis","Sex","M",1.57603971002583,7.12293354018207,0.825639158366621,"SexM",0.949061170838959,63,22
"211","s__Ruthenibacterium_lactatiformans","Sex","M",14.7853469634327,69.297697127214,0.831769615084405,"SexM",0.949061170838959,63,58
"212","s__Bacteroides_ovatus","Status","TS",-55.015022529798,358.382977541605,0.878512007352217,"StatusTS",0.956189955860834,63,55
"213","s__Odoribacter_splanchnicus","Status","TS",-8.22435950715135,42.954272230563,0.848805590453478,"StatusTS",0.956189955860834,63,36
"214","s__Alistipes_putredinis","Status","TS",-35.0740399202292,206.025484851097,0.865393147920014,"StatusTS",0.956189955860834,63,57
"215","s__Lawsonibacter_asaccharolyticus","Sex","M",-0.189479597075461,1.13622143245354,0.868117338582764,"SexM",0.956189955860834,63,12
"216","s__Coprococcus_catus","Sex","M",10.8963064254526,74.6744723725415,0.884475709171271,"SexM",0.956189955860834,63,51
"217","s__Coprococcus_eutactus","Sex","M",-32.7506166529902,185.100353561469,0.860155849298602,"SexM",0.956189955860834,63,40
"218","s__Eubacterium_rectale","Sex","M",-98.2935026472613,642.18512886977,0.878863764191012,"SexM",0.956189955860834,63,63
"219","s__Romboutsia_ilealis","Status","TS",-0.0559431714555509,0.344265196412202,0.871457995189133,"StatusTS",0.956189955860834,63,12
"220","s__Clostridium_spiroforme","Sex","M",0.764439468750103,5.17473388226939,0.88305482658464,"SexM",0.956189955860834,63,26
"221","s__Turicibacter_sanguinis","Status","TS",-1.84174211328855,9.39293104021889,0.845212120479711,"StatusTS",0.956189955860834,63,21
"222","s__Akkermansia_muciniphila","Sex","M",23.295138292483,125.043138592302,0.852840452514042,"SexM",0.956189955860834,63,35
"223","s__Barnesiella_intestinihominis","Status","TS",-13.0395435670158,96.3022507136725,0.89274706742658,"StatusTS",0.958109793034627,63,27
"224","s__Parabacteroides_merdae","Sex","M",11.2099706476189,83.9626930118594,0.894235806832318,"SexM",0.958109793034627,63,39
"225","s__Alistipes_finegoldii","Status","TS",6.77581116748912,58.2847605033575,0.907839823861298,"StatusTS",0.962662542866803,63,46
"226","s__Lachnospira_pectinoschiza","Status","TS",2.18114668079336,17.7382854689047,0.902547632942862,"StatusTS",0.962662542866803,63,26
"227","s__Haemophilus_parainfluenzae","Status","TS",0.06462432516084,0.572606173000377,0.910518321794851,"StatusTS",0.962662542866803,63,7
"228","s__Bifidobacterium_animalis","Sex","M",-6.20941195412622,70.2044953383919,0.92981556921184,"SexM",0.972610169612482,63,11
"229","s__Lactobacillus_rogosae","Sex","M",-0.08384858617956,0.884386283805413,0.924781740569494,"SexM",0.972610169612482,63,10
"230","s__Coprococcus_eutactus","Status","TS",-15.6153819827299,182.463998205748,0.932084745878629,"StatusTS",0.972610169612482,63,40
"231","s__Odoribacter_splanchnicus","Sex","M",-3.17184112457403,43.5749027481431,0.942214905637032,"SexM",0.973785760977843,63,36
"232","s__Prevotella_copri","Status","TS",11.8706588206106,153.364583471693,0.938561634964873,"StatusTS",0.973785760977843,63,8
"233","s__Parabacteroides_merdae","Status","TS",5.27013156616722,82.7668255208278,0.949441116953397,"StatusTS",0.973785760977843,63,39
"234","s__Ruminococcus_torques","Status","TS",25.8920735423037,399.860429372014,0.948586102089954,"StatusTS",0.973785760977843,63,62
"235","s__Clostridium_sp_CAG_299","Status","TS",-0.204826958383033,3.81411208308383,0.957350684250295,"StatusTS",0.977703801551338,63,7
"236","s__Blautia_hydrogenotrophica","Status","TS",1.49047829086362,30.6756349119167,0.961408738192149,"StatusTS",0.977703801551338,63,19
"237","s__Phascolarctobacterium_faecium","Sex","M",-0.349127510459585,9.31281041015962,0.970219603062136,"SexM",0.982500863860391,63,18
"238","s__Eggerthella_lenta","Status","TS",-2.17802763258331,73.4891356840501,0.97645459331598,"StatusTS",0.984660094100147,63,49
"239","s__Parasutterella_excrementihominis","Sex","M",0.271762209076556,11.6530553742523,0.98147151896248,"SexM",0.985578094355628,63,28
"240","s__Dorea_longicatena","Sex","M",6.45075726817997,433.404046054634,0.988174159370866,"SexM",0.988174159370866,63,63
