feature	metadata	value	coef	stderr	N	N.not.0	pval	qval
PWY_7013_L_1_2_propanedioldegradation	Status	TS	4.30076593990267	1.25399993009333	63	61	0.00109881638007515	0.731811709130048
X1CMET2_PWY_N10_formyl_tetrahydrofolatebiosynthesis	Status	TS	5.58519373117546	5.07051883804544	63	63	0.275076818211465	0.990691935691339
X1CMET2_PWY_N10_formyl_tetrahydrofolatebiosynthesis	Sex	M	-1.52041274975284	5.143780904132	63	63	0.768569304217902	0.990691935691339
X7ALPHADEHYDROX_PWY_cholatedegradation_bacteria_anaerobic_	Status	TS	-0.00381067558366605	0.0480828583342666	63	7	0.937095706187846	0.990691935691339
X7ALPHADEHYDROX_PWY_cholatedegradation_bacteria_anaerobic_	Sex	M	0.0980109592627849	0.0487775899105472	63	7	0.0490052129998624	0.990691935691339
ALLANTOINDEG_PWY_superpathwayofallantoindegradationinyeast	Status	TS	0.13048643421008	0.120331788519056	63	13	0.282530640143765	0.990691935691339
ALLANTOINDEG_PWY_superpathwayofallantoindegradationinyeast	Sex	M	-0.167177721587394	0.122070418376153	63	13	0.17594139331982	0.990691935691339
ANAEROFRUCAT_PWY_homolacticfermentation	Status	TS	-3.74808302547911	3.02419486408734	63	63	0.220036158750786	0.990691935691339
ANAEROFRUCAT_PWY_homolacticfermentation	Sex	M	0.523780065900222	3.06789034596367	63	63	0.865010729708407	0.990691935691339
ANAGLYCOLYSIS_PWY_glycolysisIII_fromglucose_	Status	TS	-2.44633613370016	3.42689402109817	63	63	0.478079152333198	0.990691935691339
ANAGLYCOLYSIS_PWY_glycolysisIII_fromglucose_	Sex	M	0.701063836742485	3.47640795532548	63	63	0.84086212948591	0.990691935691339
ARG_POLYAMINE_SYN_superpathwayofarginineandpolyaminebiosynthesis	Status	TS	-0.0891541995890668	1.13767011622839	63	48	0.937798004037794	0.990691935691339
ARG_POLYAMINE_SYN_superpathwayofarginineandpolyaminebiosynthesis	Sex	M	-0.454972384784912	1.15410789427478	63	48	0.694816332529541	0.990691935691339
ARGININE_SYN4_PWY_L_ornithinedenovobiosynthesis	Status	TS	0.310282076477874	2.58377563246847	63	62	0.904814160477801	0.990691935691339
ARGININE_SYN4_PWY_L_ornithinedenovobiosynthesis	Sex	M	0.534478617602985	2.62110765847702	63	62	0.839111339344998	0.990691935691339
ARGORNPROST_PWY_arginine_ornithineandprolineinterconversion	Status	TS	-0.571034525168044	0.981059373930978	63	56	0.562707669230622	0.990691935691339
ARGORNPROST_PWY_arginine_ornithineandprolineinterconversion	Sex	M	0.222251140618409	0.995234340829529	63	56	0.824048624896768	0.990691935691339
ARGSYN_PWY_L_argininebiosynthesisI_viaL_ornithine_	Status	TS	3.14941174509738	5.78302996875174	63	63	0.588050238523985	0.990691935691339
ARGSYN_PWY_L_argininebiosynthesisI_viaL_ornithine_	Sex	M	-1.68879407978372	5.86658684671309	63	63	0.774440912652675	0.990691935691339
ARGSYNBSUB_PWY_L_argininebiosynthesisII_acetylcycle_	Status	TS	5.79430511035948	7.11743972127744	63	63	0.418807182990804	0.990691935691339
ARGSYNBSUB_PWY_L_argininebiosynthesisII_acetylcycle_	Sex	M	-0.870391510943069	7.22027699609729	63	63	0.904451665801604	0.990691935691339
ARO_PWY_chorismatebiosynthesisI	Status	TS	4.18420381288214	5.58357269808368	63	63	0.456557821029901	0.990691935691339
ARO_PWY_chorismatebiosynthesisI	Sex	M	2.43741551083107	5.6642476911311	63	63	0.668507659693016	0.990691935691339
ASPASN_PWY_superpathwayofL_aspartateandL_asparaginebiosynthesis	Status	TS	3.91628051039188	3.1508904093408	63	63	0.218735456340722	0.990691935691339
ASPASN_PWY_superpathwayofL_aspartateandL_asparaginebiosynthesis	Sex	M	0.244913591092925	3.19641646866013	63	63	0.939179740427674	0.990691935691339
AST_PWY_L_argininedegradationII_ASTpathway_	Status	TS	-0.020460622055058	0.0619394253302702	63	8	0.742299226950401	0.990691935691339
AST_PWY_L_argininedegradationII_ASTpathway_	Sex	M	-0.00568485056110228	0.0628343653584703	63	8	0.928212239608934	0.990691935691339
BIOTIN_BIOSYNTHESIS_PWY_biotinbiosynthesisI	Status	TS	-0.396836049266945	1.14380052462937	63	60	0.729846469614525	0.990691935691339
BIOTIN_BIOSYNTHESIS_PWY_biotinbiosynthesisI	Sex	M	0.0822545629499774	1.16032687869722	63	60	0.943721752753824	0.990691935691339
BRANCHED_CHAIN_AA_SYN_PWY_superpathwayofbranchedaminoacidbiosynthesis	Status	TS	-0.272686373748871	4.21574334852379	63	63	0.948641531391964	0.990691935691339
BRANCHED_CHAIN_AA_SYN_PWY_superpathwayofbranchedaminoacidbiosynthesis	Sex	M	-0.618744283672513	4.27665507721832	63	63	0.88544882920624	0.990691935691339
CALVIN_PWY_Calvin_Benson_Basshamcycle	Status	TS	8.55564952753406	7.31217750459109	63	63	0.246605577515206	0.990691935691339
CALVIN_PWY_Calvin_Benson_Basshamcycle	Sex	M	-5.84319136854444	7.41782847418388	63	63	0.433959917939261	0.990691935691339
CENTFERM_PWY_pyruvatefermentationtobutanoate	Status	TS	-0.233357812673735	0.799352474317977	63	60	0.771344453056529	0.990691935691339
CENTFERM_PWY_pyruvatefermentationtobutanoate	Sex	M	-1.06570144531079	0.810902024900558	63	60	0.193775304568499	0.990691935691339
CITRULBIO_PWY_L_citrullinebiosynthesis	Status	TS	1.31595310216222	2.49041494462096	63	61	0.599165910092678	0.990691935691339
CITRULBIO_PWY_L_citrullinebiosynthesis	Sex	M	-1.37773945716409	2.52639803630909	63	61	0.587543088743139	0.990691935691339
COA_PWY_1_coenzymeAbiosynthesisII_mammalian_	Status	TS	5.31369106131015	6.16654246474742	63	63	0.392285094219021	0.990691935691339
COA_PWY_1_coenzymeAbiosynthesisII_mammalian_	Sex	M	-0.399210637122801	6.25564057403519	63	63	0.949328787029553	0.990691935691339
COA_PWY_coenzymeAbiosynthesisI	Status	TS	5.15943160167819	5.74117722769958	63	63	0.372420103465039	0.990691935691339
COA_PWY_coenzymeAbiosynthesisI	Sex	M	2.51641285729686	5.82412939076314	63	63	0.667241700202732	0.990691935691339
COBALSYN_PWY_adenosylcobalaminsalvagefromcobinamideI	Status	TS	12.4113068523556	6.96169659197942	63	63	0.0796779130773991	0.990691935691339
COBALSYN_PWY_adenosylcobalaminsalvagefromcobinamideI	Sex	M	2.23866926925195	7.0622835914733	63	63	0.752351994726283	0.990691935691339
COLANSYN_PWY_colanicacidbuildingblocksbiosynthesis	Status	TS	0.27918665012004	1.41564010729606	63	63	0.844325208227185	0.990691935691339
COLANSYN_PWY_colanicacidbuildingblocksbiosynthesis	Sex	M	-1.26216656311784	1.43609417174353	63	63	0.382968052570216	0.990691935691339
COMPLETE_ARO_PWY_superpathwayofaromaticaminoacidbiosynthesis	Status	TS	5.4918531579027	5.55762199612754	63	63	0.327039675772018	0.990691935691339
COMPLETE_ARO_PWY_superpathwayofaromaticaminoacidbiosynthesis	Sex	M	1.59638009179704	5.63792203700489	63	63	0.778036171935631	0.990691935691339
CRNFORCAT_PWY_creatininedegradationI	Status	TS	-0.0288405042527486	0.107929778015569	63	10	0.79021963833373	0.990691935691339
CRNFORCAT_PWY_creatininedegradationI	Sex	M	0.116750059860348	0.109489215773764	63	10	0.290553020946547	0.990691935691339
DAPLYSINESYN_PWY_L_lysinebiosynthesisI	Status	TS	-3.22223491868956	3.40179035124377	63	63	0.347327435980156	0.990691935691339
DAPLYSINESYN_PWY_L_lysinebiosynthesisI	Sex	M	4.2191479234627	3.45094157175704	63	63	0.226258763081098	0.990691935691339
DENOVOPURINE2_PWY_superpathwayofpurinenucleotidesdenovobiosynthesisII	Status	TS	-3.13503668479187	2.92115451030392	63	63	0.287470631893128	0.990691935691339
DENOVOPURINE2_PWY_superpathwayofpurinenucleotidesdenovobiosynthesisII	Sex	M	1.05083597712554	2.96336119991863	63	63	0.724125530247911	0.990691935691339
DTDPRHAMSYN_PWY_dTDP_L_rhamnosebiosynthesisI	Status	TS	3.07489587609089	6.83243933274234	63	63	0.654300829976563	0.990691935691339
DTDPRHAMSYN_PWY_dTDP_L_rhamnosebiosynthesisI	Sex	M	-5.98728088893068	6.93115874152788	63	63	0.3911263627608	0.990691935691339
FAO_PWY_fattyacid_beta__oxidationI	Status	TS	0.857344894990942	0.643967143391818	63	35	0.188110699147174	0.990691935691339
FAO_PWY_fattyacid_beta__oxidationI	Sex	M	-1.76516870698678	0.653271588345804	63	35	0.00894765596261989	0.990691935691339
FASYN_ELONG_PWY_fattyacidelongation__saturated	Status	TS	-0.95510158219446	1.26408621960759	63	60	0.452865017428174	0.990691935691339
FASYN_ELONG_PWY_fattyacidelongation__saturated	Sex	M	0.758082733953015	1.28235053754388	63	60	0.556629473276842	0.990691935691339
FASYN_INITIAL_PWY_superpathwayoffattyacidbiosynthesisinitiation_E_coli_	Status	TS	-0.426716849345022	1.71006873061198	63	61	0.803801617261516	0.990691935691339
FASYN_INITIAL_PWY_superpathwayoffattyacidbiosynthesisinitiation_E_coli_	Sex	M	2.70263394367297	1.73477688619847	63	61	0.12451302162259	0.990691935691339
FERMENTATION_PWY_mixedacidfermentation	Status	TS	-1.95815063669397	1.87865516278385	63	62	0.301447299120513	0.990691935691339
FOLSYN_PWY_superpathwayoftetrahydrofolatebiosynthesisandsalvage	Status	TS	0.640156060670306	1.97401815913625	63	53	0.746845689083373	0.990691935691339
FOLSYN_PWY_superpathwayoftetrahydrofolatebiosynthesisandsalvage	Sex	M	0.835183453570134	2.00254002316042	63	53	0.67812149943404	0.990691935691339
FUC_RHAMCAT_PWY_superpathwayoffucoseandrhamnosedegradation	Status	TS	1.17682457170811	1.08493227238532	63	60	0.282394422520764	0.990691935691339
FUC_RHAMCAT_PWY_superpathwayoffucoseandrhamnosedegradation	Sex	M	-0.829841844400021	1.10060806067794	63	60	0.453807209213849	0.990691935691339
FUCCAT_PWY_fucosedegradation	Status	TS	1.63030570331164	0.9316269492025	63	62	0.0852385345420391	0.990691935691339
FUCCAT_PWY_fucosedegradation	Sex	M	-0.770956868968596	0.945087685135158	63	62	0.417868874766582	0.990691935691339
GALACT_GLUCUROCAT_PWY_superpathwayofhexuronideandhexuronatedegradation	Status	TS	-0.425470912230511	1.25196750627516	63	63	0.735162472086222	0.990691935691339
GALACT_GLUCUROCAT_PWY_superpathwayofhexuronideandhexuronatedegradation	Sex	M	0.588614968669584	1.27005672536942	63	63	0.644714652273357	0.990691935691339
GALACTARDEG_PWY_D_galactaratedegradationI	Status	TS	-0.146349255043985	0.397958323380333	63	38	0.714353625135216	0.990691935691339
GALACTARDEG_PWY_D_galactaratedegradationI	Sex	M	-0.176141480923536	0.403708277165817	63	38	0.664178672406554	0.990691935691339
GALACTUROCAT_PWY_D_galacturonatedegradationI	Status	TS	-0.458936979651604	1.04282511654543	63	63	0.661453194832282	0.990691935691339
GALACTUROCAT_PWY_D_galacturonatedegradationI	Sex	M	0.454112802928591	1.05789251399435	63	63	0.66927024343754	0.990691935691339
GLCMANNANAUT_PWY_superpathwayofN_acetylglucosamine_N_acetylmannosamineandN_acetylneuraminatedegradation	Status	TS	4.88728289562045	4.14394302351291	63	63	0.242902381735608	0.990691935691339
GLCMANNANAUT_PWY_superpathwayofN_acetylglucosamine_N_acetylmannosamineandN_acetylneuraminatedegradation	Sex	M	4.1085440390613	4.20381733565817	63	63	0.332326828959873	0.990691935691339
GLUCARDEG_PWY_D_glucaratedegradationI	Status	TS	-0.0389962825484945	0.309555498455001	63	35	0.900172824155511	0.990691935691339
GLUCARDEG_PWY_D_glucaratedegradationI	Sex	M	-0.0985810793117087	0.314028152262162	63	35	0.754667381878189	0.990691935691339
GLUCARGALACTSUPER_PWY_superpathwayofD_glucarateandD_galactaratedegradation	Status	TS	-0.146349255043985	0.397958323380333	63	38	0.714353625135216	0.990691935691339
GLUCARGALACTSUPER_PWY_superpathwayofD_glucarateandD_galactaratedegradation	Sex	M	-0.176141480923536	0.403708277165817	63	38	0.664178672406554	0.990691935691339
GLUCONEO_PWY_gluconeogenesisI	Status	TS	-2.46408756294482	2.41558880079715	63	63	0.311787326969524	0.990691935691339
GLUCONEO_PWY_gluconeogenesisI	Sex	M	-4.05468173826551	2.45049075699029	63	63	0.103219865798181	0.990691935691339
GLUCOSE1PMETAB_PWY_glucoseandglucose_1_phosphatedegradation	Status	TS	-0.810457991338285	2.22969903065201	63	57	0.717521601601574	0.990691935691339
GLUCOSE1PMETAB_PWY_glucoseandglucose_1_phosphatedegradation	Sex	M	0.693173452166487	2.26191513376775	63	57	0.76031977188152	0.990691935691339
GLUCUROCAT_PWY_superpathwayof_beta__D_glucuronideandD_glucuronatedegradation	Status	TS	-1.242117695688	1.68717735972048	63	63	0.464471285321752	0.990691935691339
GLUCUROCAT_PWY_superpathwayof_beta__D_glucuronideandD_glucuronatedegradation	Sex	M	1.6668002705411	1.71155476628885	63	63	0.334040199993959	0.990691935691339
GLUDEG_I_PWY_GABAshunt	Status	TS	-0.716789169602523	0.486106383909641	63	47	0.145561069374856	0.990691935691339
GLUDEG_I_PWY_GABAshunt	Sex	M	-1.11411375118066	0.493129956676173	63	47	0.027512005910943	0.990691935691339
GLUTORN_PWY_L_ornithinebiosynthesis	Status	TS	8.28060959055101	8.47905553428905	63	63	0.332690523233391	0.990691935691339
GLUTORN_PWY_L_ornithinebiosynthesis	Sex	M	3.85623056423518	8.60156629635224	63	63	0.655539060525288	0.990691935691339
GLYCOCAT_PWY_glycogendegradationI_bacterial_	Status	TS	-0.807705707967468	3.64885862479866	63	57	0.825564966767669	0.990691935691339
GLYCOCAT_PWY_glycogendegradationI_bacterial_	Sex	M	0.30673373191492	3.70157964413592	63	57	0.93423422162252	0.990691935691339
GLYCOGENSYNTH_PWY_glycogenbiosynthesisI_fromADP_D_Glucose_	Status	TS	11.2016901676076	7.54142606913118	63	63	0.142685457878562	0.990691935691339
GLYCOGENSYNTH_PWY_glycogenbiosynthesisI_fromADP_D_Glucose_	Sex	M	1.13931670613305	7.65038936711127	63	63	0.882114037731517	0.990691935691339
GLYCOL_GLYOXDEG_PWY_superpathwayofglycolmetabolismanddegradation	Status	TS	0.0123597437155728	0.0408198434097078	63	10	0.763098994224518	0.990691935691339
GLYCOL_GLYOXDEG_PWY_superpathwayofglycolmetabolismanddegradation	Sex	M	-0.0609959859753978	0.0414096343484745	63	10	0.145980577397926	0.990691935691339
GLYCOLYSIS_E_D_superpathwayofglycolysisandEntner_Doudoroff	Status	TS	-3.25698904987766	1.54863485237183	63	62	0.0396562479018216	0.990691935691339
GLYCOLYSIS_E_D_superpathwayofglycolysisandEntner_Doudoroff	Sex	M	-1.2614591123902	1.57101050908908	63	62	0.425167067495569	0.990691935691339
GLYCOLYSIS_TCA_GLYOX_BYPASS_superpathwayofglycolysis_pyruvatedehydrogenase_TCA_andglyoxylatebypass	Status	TS	0.291510466615139	0.557488044271378	63	19	0.602969577435646	0.990691935691339
GLYCOLYSIS_TCA_GLYOX_BYPASS_superpathwayofglycolysis_pyruvatedehydrogenase_TCA_andglyoxylatebypass	Sex	M	-0.307672892996519	0.565542984455295	63	19	0.58843618857834	0.990691935691339
GLYCOLYSIS_glycolysisI_fromglucose6_phosphate_	Status	TS	-5.78812633150779	3.54519619502003	63	63	0.107776617836261	0.990691935691339
GLYCOLYSIS_glycolysisI_fromglucose6_phosphate_	Sex	M	1.62358819927575	3.59641943394788	63	63	0.653295916271426	0.990691935691339
GLYOXYLATE_BYPASS_glyoxylatecycle	Status	TS	0.156060785151087	0.267209166041012	63	27	0.561382984639045	0.990691935691339
GLYOXYLATE_BYPASS_glyoxylatecycle	Sex	M	-0.165833556136651	0.271069973229922	63	27	0.542998600685777	0.990691935691339
GOLPDLCAT_PWY_superpathwayofglyceroldegradationto1_3_propanediol	Status	TS	2.10868654131927	1.36278607292184	63	63	0.127041277932893	0.990691935691339
GOLPDLCAT_PWY_superpathwayofglyceroldegradationto1_3_propanediol	Sex	M	0.921460045958552	1.38247646882119	63	63	0.507628280957179	0.990691935691339
HEME_BIOSYNTHESIS_II_hemebiosynthesisI_aerobic_	Status	TS	0.011103024749726	0.189627889118916	63	38	0.953503799967189	0.990691935691339
HEME_BIOSYNTHESIS_II_hemebiosynthesisI_aerobic_	Sex	M	0.0302561212066732	0.192367752905684	63	38	0.875550140758181	0.990691935691339
HEMESYN2_PWY_hemebiosynthesisII_anaerobic_	Status	TS	0.197231824761258	0.440794614107969	63	49	0.656164262136671	0.990691935691339
HEMESYN2_PWY_hemebiosynthesisII_anaerobic_	Sex	M	-0.605160140081383	0.44716349373959	63	49	0.181026876517892	0.990691935691339
HEXITOLDEGSUPER_PWY_superpathwayofhexitoldegradation_bacteria_	Status	TS	0.736276013708473	2.65555541878088	63	62	0.78253445318394	0.990691935691339
HEXITOLDEGSUPER_PWY_superpathwayofhexitoldegradation_bacteria_	Sex	M	-0.612430025987336	2.69392456458258	63	62	0.820934193881041	0.990691935691339
HISDEG_PWY_L_histidinedegradationI	Status	TS	-1.3310118833512	1.73854295703997	63	62	0.446921295879595	0.990691935691339
HISDEG_PWY_L_histidinedegradationI	Sex	M	0.589011297435719	1.76366252627562	63	62	0.739566288729925	0.990691935691339
HISTSYN_PWY_L_histidinebiosynthesis	Status	TS	-2.93276360616596	4.22235898773677	63	63	0.489999874641859	0.990691935691339
HISTSYN_PWY_L_histidinebiosynthesis	Sex	M	0.880041259412719	4.2833663033747	63	63	0.837911724993414	0.990691935691339
HOMOSER_METSYN_PWY_L_methioninebiosynthesisI	Status	TS	1.02426069891629	2.40237679424374	63	63	0.671376379331877	0.990691935691339
HOMOSER_METSYN_PWY_L_methioninebiosynthesisI	Sex	M	2.50589915391708	2.43708785500227	63	63	0.307966695506486	0.990691935691339
HSERMETANA_PWY_L_methioninebiosynthesisIII	Status	TS	7.12774755407675	5.81661110526594	63	63	0.225208439349914	0.990691935691339
HSERMETANA_PWY_L_methioninebiosynthesisIII	Sex	M	1.61462798998074	5.90065318474632	63	63	0.785304551038556	0.990691935691339
ILEUSYN_PWY_L_isoleucinebiosynthesisI_fromthreonine_	Status	TS	-1.88628137697327	4.91812997963791	63	63	0.702677839508826	0.990691935691339
ILEUSYN_PWY_L_isoleucinebiosynthesisI_fromthreonine_	Sex	M	-0.956701034331655	4.98919023502776	63	63	0.848581778024572	0.990691935691339
KETOGLUCONMET_PWY_ketogluconatemetabolism	Sex	M	-0.567422500412499	0.405849016914872	63	15	0.167226468789561	0.990691935691339
LACTOSECAT_PWY_lactoseandgalactosedegradationI	Status	TS	0.385791561706191	2.77919461458353	63	63	0.890061874723475	0.990691935691339
LACTOSECAT_PWY_lactoseandgalactosedegradationI	Sex	M	1.31833532386944	2.81935017775654	63	63	0.641762793359317	0.990691935691339
MET_SAM_PWY_superpathwayofS_adenosyl_L_methioninebiosynthesis	Status	TS	1.5889216962209	3.42881430940865	63	63	0.644752405977331	0.990691935691339
MET_SAM_PWY_superpathwayofS_adenosyl_L_methioninebiosynthesis	Sex	M	3.0704580123799	3.47835598917712	63	63	0.38090387689637	0.990691935691339
METH_ACETATE_PWY_methanogenesisfromacetate	Status	TS	5.2709035708387	3.08865702697963	63	61	0.0930796683119718	0.990691935691339
METH_ACETATE_PWY_methanogenesisfromacetate	Sex	M	-0.561559251989572	3.13328389899349	63	61	0.858365783954437	0.990691935691339
METHGLYUT_PWY_superpathwayofmethylglyoxaldegradation	Status	TS	0.211195400695108	0.30197975241478	63	43	0.487023721422092	0.990691935691339
METHGLYUT_PWY_superpathwayofmethylglyoxaldegradation	Sex	M	-0.463375929668281	0.306342947047292	63	43	0.135629748455123	0.990691935691339
METSYN_PWY_L_homoserineandL_methioninebiosynthesis	Status	TS	1.52193574891397	3.31956662648236	63	63	0.648268151749904	0.990691935691339
METSYN_PWY_L_homoserineandL_methioninebiosynthesis	Sex	M	3.03550477508943	3.36752982656819	63	63	0.370977760869077	0.990691935691339
NAD_BIOSYNTHESIS_II_NADsalvagepathwayII	Status	TS	0.396256587559823	1.49719467233772	63	47	0.792173822827628	0.990691935691339
NAD_BIOSYNTHESIS_II_NADsalvagepathwayII	Sex	M	-2.24065318900981	1.51882708876939	63	47	0.145373288679748	0.990691935691339
NAGLIPASYN_PWY_lipidIVAbiosynthesis	Status	TS	-2.97131869989798	2.04975364662212	63	58	0.1523777600807	0.990691935691339
NAGLIPASYN_PWY_lipidIVAbiosynthesis	Sex	M	1.48609458721597	2.07936978491417	63	58	0.477575201612599	0.990691935691339
NONMEVIPP_PWY_methylerythritolphosphatepathwayI	Status	TS	-5.94743431212301	4.69946543797382	63	57	0.210564742904729	0.990691935691339
NONMEVIPP_PWY_methylerythritolphosphatepathwayI	Sex	M	-0.557712914655779	4.76736628963914	63	57	0.907262227638073	0.990691935691339
NONOXIPENT_PWY_pentosephosphatepathway_non_oxidativebranch_	Status	TS	10.3713810858923	8.22444473499316	63	63	0.212174626709416	0.990691935691339
NONOXIPENT_PWY_pentosephosphatepathway_non_oxidativebranch_	Sex	M	-4.99050469197488	8.34327671904563	63	63	0.551993220714118	0.990691935691339
OANTIGEN_PWY_O_antigenbuildingblocksbiosynthesis_E_coli_	Status	TS	-3.09045341041311	3.74115005502961	63	63	0.412036939865262	0.990691935691339
OANTIGEN_PWY_O_antigenbuildingblocksbiosynthesis_E_coli_	Sex	M	-3.93613180620895	3.79520455937634	63	63	0.303835705499814	0.990691935691339
P105_PWY_TCAcycleIV_2_oxoglutaratedecarboxylase_	Status	TS	-0.156727458657855	0.358788035232082	63	10	0.663806596155507	0.990691935691339
P105_PWY_TCAcycleIV_2_oxoglutaratedecarboxylase_	Sex	M	-0.0604362822786912	0.363972031897475	63	10	0.86867862232985	0.990691935691339
P108_PWY_pyruvatefermentationtopropanoateI	Status	TS	0.207488847429486	0.587185347836104	63	51	0.725055810699502	0.990691935691339
P108_PWY_pyruvatefermentationtopropanoateI	Sex	M	-1.05663573145634	0.595669373461934	63	51	0.0811601157368613	0.990691935691339
P122_PWY_heterolacticfermentation	Status	TS	0.404610583882414	0.318312639446784	63	9	0.208595206477606	0.990691935691339
P122_PWY_heterolacticfermentation	Sex	M	-0.107409945535525	0.322911821970742	63	9	0.740573492835296	0.990691935691339
P124_PWY_Bifidobacteriumshunt	Status	TS	-4.36603684203793	2.54710465192797	63	60	0.0916691900455744	0.990691935691339
P124_PWY_Bifidobacteriumshunt	Sex	M	3.36209097680673	2.58390683239494	63	60	0.198176309896754	0.990691935691339
P125_PWY_superpathwayof_R_R__butanediolbiosynthesis	Status	TS	0.278302789960246	0.216287989287596	63	10	0.203133202943301	0.990691935691339
P125_PWY_superpathwayof_R_R__butanediolbiosynthesis	Sex	M	-0.279013993509325	0.219413055078896	63	10	0.208408925626518	0.990691935691339
P161_PWY_acetylenedegradation	Status	TS	-0.0324111208976305	0.434554329639944	63	39	0.940793232008699	0.990691935691339
P161_PWY_acetylenedegradation	Sex	M	0.246657749008184	0.440833045691131	63	39	0.577885316084438	0.990691935691339
P164_PWY_purinenucleobasesdegradationI_anaerobic_	Status	TS	3.42989160070274	2.48572963996799	63	62	0.172758558714123	0.990691935691339
P164_PWY_purinenucleobasesdegradationI_anaerobic_	Sex	M	1.96295954426164	2.52164503540845	63	62	0.439366478357031	0.990691935691339
P185_PWY_formaldehydeassimilationIII_dihydroxyacetonecycle_	Status	TS	1.28190105700186	1.46321119246316	63	62	0.384476486920307	0.990691935691339
P185_PWY_formaldehydeassimilationIII_dihydroxyacetonecycle_	Sex	M	-0.840428428238932	1.48435259406421	63	62	0.573375041320285	0.990691935691339
P23_PWY_reductiveTCAcycleI	Status	TS	0.187848981389034	0.130110626879957	63	7	0.15400692319788	0.990691935691339
P23_PWY_reductiveTCAcycleI	Sex	M	-0.255529619511969	0.131990547584229	63	7	0.057586795736845	0.990691935691339
P4_PWY_superpathwayofL_lysine_L_threonineandL_methioninebiosynthesisI	Status	TS	-3.38685867940955	2.41281634212831	63	62	0.165564341928157	0.990691935691339
P4_PWY_superpathwayofL_lysine_L_threonineandL_methioninebiosynthesisI	Sex	M	2.65413967136464	2.44767824008348	63	62	0.282547702526138	0.990691935691339
P42_PWY_incompletereductiveTCAcycle	Status	TS	-0.141470424833719	0.825862001193874	63	47	0.864564040351554	0.990691935691339
P42_PWY_incompletereductiveTCAcycle	Sex	M	-1.72867086229233	0.837794578202733	63	47	0.0434129376521017	0.990691935691339
P441_PWY_superpathwayofN_acetylneuraminatedegradation	Status	TS	-0.494506342433647	1.75078780897657	63	61	0.778572160047253	0.990691935691339
P441_PWY_superpathwayofN_acetylneuraminatedegradation	Sex	M	-1.34477420763987	1.77608429958467	63	61	0.451919185792439	0.990691935691339
P461_PWY_hexitolfermentationtolactate_formate_ethanolandacetate	Status	TS	6.69615255548713	4.51914769384657	63	63	0.14364549756599	0.990691935691339
PANTO_PWY_phosphopantothenatebiosynthesisI	Status	TS	5.01024849626567	4.81008471861434	63	63	0.301769973631997	0.990691935691339
PANTO_PWY_phosphopantothenatebiosynthesisI	Sex	M	-4.28458824409104	4.87958386767438	63	63	0.383411521165314	0.990691935691339
PANTOSYN_PWY_pantothenateandcoenzymeAbiosynthesisI	Status	TS	4.11551643791334	4.37006528659468	63	63	0.350096216001839	0.990691935691339
PANTOSYN_PWY_pantothenateandcoenzymeAbiosynthesisI	Sex	M	-1.87970254835794	4.43320675634465	63	63	0.673078382332437	0.990691935691339
PENTOSE_P_PWY_pentosephosphatepathway	Status	TS	-4.54347529769329	2.00817110853586	63	62	0.0273003810060745	0.990691935691339
PENTOSE_P_PWY_pentosephosphatepathway	Sex	M	3.12222605627021	2.03718643599363	63	62	0.130626532583224	0.990691935691339
PEPTIDOGLYCANSYN_PWY_peptidoglycanbiosynthesisI_meso_diaminopimelatecontaining_	Status	TS	3.09790442693368	6.06985105811675	63	63	0.61166088718408	0.990691935691339
PEPTIDOGLYCANSYN_PWY_peptidoglycanbiosynthesisI_meso_diaminopimelatecontaining_	Sex	M	-1.65127510426536	6.15755210875061	63	63	0.789487757908666	0.990691935691339
PHOSLIPSYN_PWY_superpathwayofphospholipidbiosynthesisI_bacteria_	Status	TS	4.53844101241953	4.01306013876851	63	62	0.262589968798296	0.990691935691339
PHOSLIPSYN_PWY_superpathwayofphospholipidbiosynthesisI_bacteria_	Sex	M	6.14098670184188	4.07104337213899	63	62	0.136686060297161	0.990691935691339
POLYAMINSYN3_PWY_superpathwayofpolyaminebiosynthesisII	Status	TS	0.36477708230937	0.408280963886384	63	23	0.375187982292415	0.990691935691339
POLYAMINSYN3_PWY_superpathwayofpolyaminebiosynthesisII	Sex	M	-0.659264939845304	0.414180065716693	63	23	0.116699633891654	0.990691935691339
POLYAMSYN_PWY_superpathwayofpolyaminebiosynthesisI	Sex	M	-0.169776964950584	0.630999612342111	63	49	0.788806333719091	0.990691935691339
POLYISOPRENSYN_PWY_polyisoprenoidbiosynthesis_E_coli_	Status	TS	0.394312755817609	1.27120304082356	63	59	0.757492392368122	0.990691935691339
POLYISOPRENSYN_PWY_polyisoprenoidbiosynthesis_E_coli_	Sex	M	0.377892039978148	1.28957018709812	63	59	0.770504825328591	0.990691935691339
PPGPPMET_PWY_ppGppbiosynthesis	Status	TS	1.7194479786629	2.09314742752152	63	60	0.414633521691502	0.990691935691339
PPGPPMET_PWY_ppGppbiosynthesis	Sex	M	1.44927771002758	2.12339054663063	63	60	0.497530655149065	0.990691935691339
PRPP_PWY_superpathwayofhistidine_purine_andpyrimidinebiosynthesis	Status	TS	-3.0148526696063	2.12883689003151	63	61	0.161888538155612	0.990691935691339
PRPP_PWY_superpathwayofhistidine_purine_andpyrimidinebiosynthesis	Sex	M	-0.46188089895602	2.15959567308833	63	61	0.83137062751519	0.990691935691339
PWY_1042_glycolysisIV_plantcytosol_	Status	TS	9.77473046147412	8.86243675827541	63	63	0.274457733557383	0.990691935691339
PWY_1042_glycolysisIV_plantcytosol_	Sex	M	-4.59358223082547	8.99048685496394	63	63	0.611269384390238	0.990691935691339
PWY_1269_CMP_3_deoxy_D_manno_octulosonatebiosynthesisI	Status	TS	-1.74603677499066	1.97260797671694	63	61	0.379614018614493	0.990691935691339
PWY_1269_CMP_3_deoxy_D_manno_octulosonatebiosynthesisI	Sex	M	0.60340033283633	2.00110946553279	63	61	0.764050785953285	0.990691935691339
PWY_1861_formaldehydeassimilationII_RuMPCycle_	Status	TS	8.99505029643163	7.04982372690769	63	61	0.206899214027149	0.990691935691339
PWY_1861_formaldehydeassimilationII_RuMPCycle_	Sex	M	6.24024173497969	7.15168404303629	63	61	0.38638391608854	0.990691935691339
PWY_241_C4photosyntheticcarbonassimilationcycle_NADP_MEtype	Status	TS	-2.04408580490951	2.1968062490363	63	62	0.355851037423564	0.990691935691339
PWY_241_C4photosyntheticcarbonassimilationcycle_NADP_MEtype	Sex	M	0.395488163772865	2.22854709642034	63	62	0.859741244226013	0.990691935691339
PWY_2723_trehalosedegradationV	Status	TS	-1.4676778398614	2.59775660409754	63	57	0.574194520956337	0.990691935691339
PWY_2723_trehalosedegradationV	Sex	M	0.975833013368805	2.63529063603491	63	57	0.712467246958271	0.990691935691339
PWY_2941_L_lysinebiosynthesisII	Status	TS	0.274583077663158	3.08486931714035	63	61	0.92937070105071	0.990691935691339
PWY_2941_L_lysinebiosynthesisII	Sex	M	-0.534313687472115	3.12944146192463	63	61	0.865004471367541	0.990691935691339
PWY_2942_L_lysinebiosynthesisIII	Status	TS	2.79330076524843	4.13964147140609	63	63	0.502414600251497	0.990691935691339
PWY_2942_L_lysinebiosynthesisIII	Sex	M	2.81536679787572	4.19945363200339	63	63	0.505167151718682	0.990691935691339
PWY_3001_superpathwayofL_isoleucinebiosynthesisI	Status	TS	-2.04220564840923	3.31770433918705	63	63	0.540520968542171	0.990691935691339
PWY_3001_superpathwayofL_isoleucinebiosynthesisI	Sex	M	2.7426196750755	3.3656406317671	63	63	0.418359342933707	0.990691935691339
PWY_3781_aerobicrespirationI_cytochromec_	Sex	M	0.450858820448651	0.386578738907199	63	22	0.24811644080196	0.990691935691339
PWY_3841_folatetransformationsII	Status	TS	3.31604398032204	5.06853362289091	63	63	0.515456347841002	0.990691935691339
PWY_3841_folatetransformationsII	Sex	M	0.387359095142531	5.14176700533217	63	63	0.940198170551012	0.990691935691339
PWY_4041__gamma__glutamylcycle	Status	TS	-1.72961016466647	1.86048467830803	63	63	0.356274663319694	0.990691935691339
PWY_4242_pantothenateandcoenzymeAbiosynthesisIII	Status	TS	3.58795424707885	5.51604384248918	63	63	0.517879579357814	0.990691935691339
PWY_4702_phytatedegradationI	Status	TS	0.0648889264437671	0.108149918217944	63	8	0.550771921816463	0.990691935691339
PWY_4702_phytatedegradationI	Sex	M	-0.0921929634982876	0.109712536701143	63	8	0.404068640030727	0.990691935691339
PWY_4722_creatininedegradationII	Status	TS	0.0940197642280352	0.0558102104452644	63	7	0.0972547245459168	0.990691935691339
PWY_4722_creatininedegradationII	Sex	M	-0.0938830174561362	0.0566165916966793	63	7	0.10249178364545	0.990691935691339
PWY_4981_L_prolinebiosynthesisII_fromarginine_	Status	TS	-5.57206049368795	4.83273609010672	63	63	0.25349026639621	0.990691935691339
PWY_4981_L_prolinebiosynthesisII_fromarginine_	Sex	M	1.35849899007372	4.90256252052164	63	63	0.782655942349745	0.990691935691339
PWY_4984_ureacycle	Status	TS	0.737496922090127	1.95423935647233	63	58	0.707220529837017	0.990691935691339
PWY_4984_ureacycle	Sex	M	-2.16408740402523	1.98247544383455	63	58	0.279369237286721	0.990691935691339
PWY_5005_biotinbiosynthesisII	Status	TS	-0.218683390904678	1.94671059070073	63	60	0.910932918889954	0.990691935691339
PWY_5005_biotinbiosynthesisII	Sex	M	1.73842575555736	1.97483789768896	63	60	0.382215808972988	0.990691935691339
PWY_5022_4_aminobutanoatedegradationV	Status	TS	-0.545555160026563	0.46015438970877	63	46	0.240457867543496	0.990691935691339
PWY_5022_4_aminobutanoatedegradationV	Sex	M	-1.1314433427115	0.466802991634063	63	46	0.0183900840453506	0.990691935691339
PWY_5030_L_histidinedegradationIII	Status	TS	-0.851880499912588	1.85910638618242	63	60	0.648449430779211	0.990691935691339
PWY_5030_L_histidinedegradationIII	Sex	M	0.674602703798238	1.88596793216554	63	60	0.721826260263997	0.990691935691339
PWY_5083_NAD_NADHphosphorylationanddephosphorylation	Status	TS	-0.0591263277242021	1.00017045621893	63	44	0.95305597087278	0.990691935691339
PWY_5083_NAD_NADHphosphorylationanddephosphorylation	Sex	M	0.78314759740431	1.01462155213274	63	44	0.443225834616391	0.990691935691339
PWY_5097_L_lysinebiosynthesisVI	Status	TS	4.29759369476163	5.25621640021497	63	63	0.416808608848454	0.990691935691339
PWY_5097_L_lysinebiosynthesisVI	Sex	M	2.21401007532551	5.33216154223642	63	63	0.679463339604033	0.990691935691339
PWY_5100_pyruvatefermentationtoacetateandlactateII	Status	TS	1.8783793692889	4.09077717982858	63	63	0.647768323200199	0.990691935691339
PWY_5100_pyruvatefermentationtoacetateandlactateII	Sex	M	0.919834616664	4.14988331820742	63	63	0.825336594797546	0.990691935691339
PWY_5101_L_isoleucinebiosynthesisII	Status	TS	0.247296401482481	0.815421135207769	63	27	0.762729807493733	0.990691935691339
PWY_5101_L_isoleucinebiosynthesisII	Sex	M	-0.802967035122503	0.827202855975223	63	27	0.335593958285328	0.990691935691339
PWY_5103_L_isoleucinebiosynthesisIII	Status	TS	-0.778977714566244	4.28731883422424	63	63	0.856435747414303	0.990691935691339
PWY_5104_L_isoleucinebiosynthesisIV	Status	TS	5.51967083228506	3.33059865043615	63	63	0.102687134854483	0.990691935691339
PWY_5104_L_isoleucinebiosynthesisIV	Sex	M	-0.654167781111173	3.37872124818793	63	63	0.847132096947421	0.990691935691339
PWY_5121_superpathwayofgeranylgeranyldiphosphatebiosynthesisII_viaMEP_	Status	TS	-0.915464291000338	1.25529644828927	63	57	0.468666985271876	0.990691935691339
PWY_5121_superpathwayofgeranylgeranyldiphosphatebiosynthesisII_viaMEP_	Sex	M	-1.4070421927091	1.27343376604515	63	57	0.273605522220757	0.990691935691339
PWY_5136_fattyacid_beta__oxidationII_peroxisome_	Status	TS	0.845963265087928	0.603771604940018	63	35	0.166326081604791	0.990691935691339
PWY_5136_fattyacid_beta__oxidationII_peroxisome_	Sex	M	-1.70892588370145	0.612495279308489	63	35	0.00705315458933263	0.990691935691339
PWY_5138_unsaturated_evennumberedfattyacid_beta__oxidation	Status	TS	0.710535433514274	0.638992027952151	63	32	0.270589798165363	0.990691935691339
PWY_5138_unsaturated_evennumberedfattyacid_beta__oxidation	Sex	M	-1.1186490576079	0.648224589288747	63	32	0.0895462973747395	0.990691935691339
PWY_5154_L_argininebiosynthesisIII_viaN_acetyl_L_citrulline_	Status	TS	-1.08757624477187	3.00637221632718	63	63	0.718804532376803	0.990691935691339
PWY_5154_L_argininebiosynthesisIII_viaN_acetyl_L_citrulline_	Sex	M	0.853160382025137	3.04981018530597	63	63	0.78063749322256	0.990691935691339
PWY_5173_superpathwayofacetyl_CoAbiosynthesis	Status	TS	0.160036103840466	0.204808722175724	63	20	0.437643852211643	0.990691935691339
PWY_5173_superpathwayofacetyl_CoAbiosynthesis	Sex	M	-0.414561694828742	0.207767928248791	63	20	0.0505557382167042	0.990691935691339
PWY_5177_glutaryl_CoAdegradation	Status	TS	0.347249288355725	2.00883731889635	63	63	0.863342629403983	0.990691935691339
PWY_5177_glutaryl_CoAdegradation	Sex	M	2.50944626689884	2.03786227218316	63	63	0.222973981267421	0.990691935691339
PWY_5188_tetrapyrrolebiosynthesisI_fromglutamate_	Status	TS	3.71058854627779	3.80924963973433	63	63	0.333918055941014	0.990691935691339
PWY_5188_tetrapyrrolebiosynthesisI_fromglutamate_	Sex	M	-2.31347615974003	3.86428808999162	63	63	0.551639194326116	0.990691935691339
PWY_5189_tetrapyrrolebiosynthesisII_fromglycine_	Status	TS	-0.244742113559567	0.445414787944879	63	40	0.584722288528077	0.990691935691339
PWY_5189_tetrapyrrolebiosynthesisII_fromglycine_	Sex	M	-0.0827404356896075	0.451850422772917	63	40	0.855325428753157	0.990691935691339
PWY_5265_peptidoglycanbiosynthesisII_staphylococci_	Status	TS	0.0943218400048081	0.332350796051606	63	7	0.777539125647848	0.990691935691339
PWY_5265_peptidoglycanbiosynthesisII_staphylococci_	Sex	M	0.228836705610748	0.337152810749108	63	7	0.499916822447211	0.990691935691339
PWY_5304_superpathwayofsulfuroxidation_Acidianusambivalens_	Status	TS	0.635950640553359	1.826983616114	63	63	0.72899259590135	0.990691935691339
PWY_5345_superpathwayofL_methioninebiosynthesis_bysulfhydrylation_	Status	TS	2.60989377275639	2.2496764085017	63	45	0.250595627052173	0.990691935691339
PWY_5345_superpathwayofL_methioninebiosynthesis_bysulfhydrylation_	Sex	M	-0.296890583818744	2.28218115741938	63	45	0.896929818876814	0.990691935691339
PWY_5347_superpathwayofL_methioninebiosynthesis_transsulfuration_	Status	TS	1.70104525072177	3.0738605694854	63	63	0.582052358982693	0.990691935691339
PWY_5347_superpathwayofL_methioninebiosynthesis_transsulfuration_	Sex	M	2.80917749242571	3.11827365291442	63	63	0.371256231485446	0.990691935691339
PWY_5367_petroselinatebiosynthesis	Status	TS	1.15368711393568	1.49957782011377	63	54	0.444708917577033	0.990691935691339
PWY_5367_petroselinatebiosynthesis	Sex	M	0.402513525266401	1.52124466977317	63	54	0.79222840217482	0.990691935691339
PWY_5384_sucrosedegradationIV_sucrosephosphorylase_	Status	TS	-3.52821991112888	2.69288122712714	63	63	0.195121163736869	0.990691935691339
PWY_5384_sucrosedegradationIV_sucrosephosphorylase_	Sex	M	2.63693965336205	2.73178967983709	63	63	0.33827964141507	0.990691935691339
PWY_5464_superpathwayofcytosolicglycolysis_plants__pyruvatedehydrogenaseandTCAcycle	Status	TS	-0.150844271995225	0.336167867967887	63	16	0.65525218559575	0.990691935691339
PWY_5464_superpathwayofcytosolicglycolysis_plants__pyruvatedehydrogenaseandTCAcycle	Sex	M	-0.123039014335581	0.34102503413685	63	16	0.71952232835376	0.990691935691339
PWY_5484_glycolysisII_fromfructose6_phosphate_	Status	TS	-6.09726462262435	3.11412095939461	63	63	0.0548918776693679	0.990691935691339
PWY_5484_glycolysisII_fromfructose6_phosphate_	Sex	M	2.30179112467573	3.15911575042406	63	63	0.469069293812526	0.990691935691339
PWY_5505_L_glutamateandL_glutaminebiosynthesis	Status	TS	0.922553722754829	1.83060180514438	63	61	0.616133638444569	0.990691935691339
PWY_5505_L_glutamateandL_glutaminebiosynthesis	Sex	M	-1.09796083977073	1.85705149889572	63	61	0.556581402739041	0.990691935691339
PWY_561_superpathwayofglyoxylatecycleandfattyaciddegradation	Status	TS	-0.0189334042491153	0.238671127479608	63	9	0.937035388837434	0.990691935691339
PWY_5659_GDP_mannosebiosynthesis	Status	TS	1.41522214094017	2.24029238909379	63	63	0.529973943016093	0.990691935691339
PWY_5659_GDP_mannosebiosynthesis	Sex	M	-3.13244520625333	2.27266155175846	63	63	0.173223952239191	0.990691935691339
PWY_5667_CDP_diacylglycerolbiosynthesisI	Status	TS	8.84615146725015	6.85206863140135	63	63	0.201649224541215	0.990691935691339
PWY_5667_CDP_diacylglycerolbiosynthesisI	Sex	M	0.551966606859417	6.95107165672033	63	63	0.936972828175327	0.990691935691339
PWY_5675_nitratereductionV_assimilatory_	Status	TS	0.0379489430544521	0.0900450466504584	63	16	0.674936952889352	0.990691935691339
PWY_5675_nitratereductionV_assimilatory_	Sex	M	-0.0787798444559695	0.0913460744878812	63	16	0.391883487371539	0.990691935691339
PWY_5676_acetyl_CoAfermentationtobutanoateII	Status	TS	4.01292070747217	2.73800847569934	63	63	0.147968962401808	0.990691935691339
PWY_5676_acetyl_CoAfermentationtobutanoateII	Sex	M	-0.315231818142787	2.77756895546468	63	63	0.910019414453617	0.990691935691339
PWY_5677_succinatefermentationtobutanoate	Status	TS	0.300316044116738	0.114645851625579	63	8	0.0111352676874525	0.990691935691339
PWY_5677_succinatefermentationtobutanoate	Sex	M	-0.21918240015023	0.116302327466932	63	8	0.0643313982993379	0.990691935691339
PWY_5686_UMPbiosynthesis	Status	TS	4.7170428597805	5.72226924594328	63	63	0.413016648824267	0.990691935691339
PWY_5686_UMPbiosynthesis	Sex	M	-5.0299318853854	5.80494821451664	63	63	0.389673201243961	0.990691935691339
PWY_5690_TCAcycleII_plantsandfungi_	Status	TS	-0.26937964832471	0.864521012712754	63	62	0.756429166261828	0.990691935691339
PWY_5690_TCAcycleII_plantsandfungi_	Sex	M	-0.89441364424603	0.877012159593297	63	62	0.311898156115078	0.990691935691339
PWY_5695_uratebiosynthesis_inosine5__phosphatedegradation	Status	TS	6.50245985803014	5.39705627133077	63	63	0.233005124986473	0.990691935691339
PWY_5695_uratebiosynthesis_inosine5__phosphatedegradation	Sex	M	-2.24306670415981	5.47503635696941	63	63	0.683492528258545	0.990691935691339
PWY_5723_Rubiscoshunt	Status	TS	0.812456301921116	0.779778906495201	63	23	0.30163539329444	0.990691935691339
PWY_5723_Rubiscoshunt	Sex	M	-0.377566819007949	0.791045645778745	63	23	0.634881937879072	0.990691935691339
PWY_5747_2_methylcitratecycleII	Status	TS	-0.105927914190889	0.107919111875305	63	14	0.33026343674357	0.990691935691339
PWY_5747_2_methylcitratecycleII	Sex	M	-0.0902318938854832	0.109478395522353	63	14	0.413091405043465	0.990691935691339
PWY_5791_1_4_dihydroxy_2_naphthoatebiosynthesisII_plants_	Status	TS	0.0703646987608353	0.183456942597503	63	21	0.702668587971298	0.990691935691339
PWY_5791_1_4_dihydroxy_2_naphthoatebiosynthesisII_plants_	Sex	M	-0.0343204320812401	0.186107644642385	63	21	0.854312356279182	0.990691935691339
PWY_5837_1_4_dihydroxy_2_naphthoatebiosynthesisI	Status	TS	0.0703646987608353	0.183456942597503	63	21	0.702668587971298	0.990691935691339
PWY_5837_1_4_dihydroxy_2_naphthoatebiosynthesisI	Sex	M	-0.0343204320812401	0.186107644642385	63	21	0.854312356279182	0.990691935691339
PWY_5838_superpathwayofmenaquinol_8biosynthesisI	Status	TS	0.214018220836532	0.518118423004174	63	20	0.681029191821443	0.990691935691339
PWY_5838_superpathwayofmenaquinol_8biosynthesisI	Sex	M	0.0400696140862859	0.525604525976908	63	20	0.939485542477614	0.990691935691339
PWY_5840_superpathwayofmenaquinol_7biosynthesis	Status	TS	0.0394358287264147	0.342241867303353	63	11	0.908649213720177	0.990691935691339
PWY_5840_superpathwayofmenaquinol_7biosynthesis	Sex	M	-0.455256576087093	0.347186794459887	63	11	0.194761726202143	0.990691935691339
PWY_5845_superpathwayofmenaquinol_9biosynthesis	Status	TS	0.0358692845069534	0.30192565379014	63	13	0.905829315194234	0.990691935691339
PWY_5845_superpathwayofmenaquinol_9biosynthesis	Sex	M	-0.0555003234665337	0.306288066771477	63	13	0.856818952790337	0.990691935691339
PWY_5861_superpathwayofdemethylmenaquinol_8biosynthesis	Status	TS	0.175579226139704	0.372489294445753	63	20	0.639088056388584	0.990691935691339
PWY_5861_superpathwayofdemethylmenaquinol_8biosynthesis	Sex	M	0.0233135913091144	0.377871255577909	63	20	0.951009049452968	0.990691935691339
PWY_5862_superpathwayofdemethylmenaquinol_9biosynthesis	Status	TS	0.0304002985401773	0.209745290725818	63	13	0.885244721662035	0.990691935691339
PWY_5862_superpathwayofdemethylmenaquinol_9biosynthesis	Sex	M	-0.0441901933288918	0.212775823466413	63	13	0.836178814662761	0.990691935691339
PWY_5863_superpathwayofphylloquinolbiosynthesis	Status	TS	0.0736282497533925	0.197403986654129	63	21	0.710475860867106	0.990691935691339
PWY_5863_superpathwayofphylloquinolbiosynthesis	Sex	M	-0.0375113711602655	0.200256204420779	63	21	0.852044173736199	0.990691935691339
PWY_5897_superpathwayofmenaquinol_11biosynthesis	Status	TS	0.119635060185522	0.480581205506227	63	21	0.804258699606567	0.990691935691339
PWY_5897_superpathwayofmenaquinol_11biosynthesis	Sex	M	-0.0676802930487972	0.487524946997449	63	21	0.890053921703042	0.990691935691339
PWY_5898_superpathwayofmenaquinol_12biosynthesis	Status	TS	0.119635060185522	0.480581205506227	63	21	0.804258699606567	0.990691935691339
PWY_5898_superpathwayofmenaquinol_12biosynthesis	Sex	M	-0.0676802930487972	0.487524946997449	63	21	0.890053921703042	0.990691935691339
PWY_5899_superpathwayofmenaquinol_13biosynthesis	Status	TS	0.119635060185522	0.480581205506227	63	21	0.804258699606567	0.990691935691339
PWY_5899_superpathwayofmenaquinol_13biosynthesis	Sex	M	-0.0676802930487972	0.487524946997449	63	21	0.890053921703042	0.990691935691339
PWY_5913_TCAcycleVI_obligateautotrophs_	Status	TS	-4.05700473523644	2.42575389332251	63	62	0.0996386205706836	0.990691935691339
PWY_5913_TCAcycleVI_obligateautotrophs_	Sex	M	2.49926735094149	2.46080272120751	63	62	0.313883269017649	0.990691935691339
PWY_5918_superpathayofhemebiosynthesisfromglutamate	Status	TS	0.0555718794501062	0.306016307780263	63	30	0.856510500001429	0.990691935691339
PWY_5918_superpathayofhemebiosynthesisfromglutamate	Sex	M	-0.0809676291220104	0.310437825120056	63	30	0.795126329089113	0.990691935691339
PWY_5920_superpathwayofhemebiosynthesisfromglycine	Status	TS	-0.0766100407180217	0.127241888514123	63	13	0.549388180471756	0.990691935691339
PWY_5920_superpathwayofhemebiosynthesisfromglycine	Sex	M	-0.181895243439625	0.129080359870418	63	13	0.163948908907484	0.990691935691339
PWY_5941_glycogendegradationII_eukaryotic_	Status	TS	1.40281107767572	2.38353729801779	63	47	0.558377894106743	0.990691935691339
PWY_5941_glycogendegradationII_eukaryotic_	Sex	M	-0.264202352447667	2.41797615380843	63	47	0.913356211155985	0.990691935691339
PWY_5971_palmitatebiosynthesisII_bacteriaandplants_	Status	TS	0.257842039052837	1.38164119077592	63	52	0.852588066049192	0.990691935691339
PWY_5971_palmitatebiosynthesisII_bacteriaandplants_	Sex	M	-1.0745799750894	1.40160401735435	63	52	0.446278732301157	0.990691935691339
PWY_5973_cis_vaccenatebiosynthesis	Status	TS	-1.06015896933408	2.63912697377016	63	63	0.689326093638825	0.990691935691339
PWY_5973_cis_vaccenatebiosynthesis	Sex	M	-1.60253409083068	2.67725875099825	63	63	0.551710983279878	0.990691935691339
PWY_5989_stearatebiosynthesisII_bacteriaandplants_	Status	TS	-0.272903596278709	1.15359179227509	63	62	0.813797269826604	0.990691935691339
PWY_5989_stearatebiosynthesisII_bacteriaandplants_	Sex	M	1.16359528307131	1.17025961677629	63	62	0.324067403239023	0.990691935691339
PWY_5994_palmitatebiosynthesisI_animalsandfungi_	Status	TS	0.633898188620116	0.525437297277145	63	37	0.232390894313024	0.990691935691339
PWY_5994_palmitatebiosynthesisI_animalsandfungi_	Sex	M	-0.356444198754619	0.533029147978621	63	37	0.506242520500195	0.990691935691339
PWY_6113_superpathwayofmycolatebiosynthesis	Status	TS	0.590983562227752	1.27520078322027	63	52	0.644723284509549	0.990691935691339
PWY_6113_superpathwayofmycolatebiosynthesis	Sex	M	-0.971983719850869	1.29362569140776	63	52	0.455370732131071	0.990691935691339
PWY_6121_5_aminoimidazoleribonucleotidebiosynthesisI	Status	TS	5.47190169340707	6.13934692564724	63	63	0.376337157154406	0.990691935691339
PWY_6121_5_aminoimidazoleribonucleotidebiosynthesisI	Sex	M	-3.34184246295095	6.22805209656984	63	63	0.593542459226114	0.990691935691339
PWY_6122_5_aminoimidazoleribonucleotidebiosynthesisII	Status	TS	5.86628960948559	6.58272987506734	63	63	0.376401184697903	0.990691935691339
PWY_6122_5_aminoimidazoleribonucleotidebiosynthesisII	Sex	M	-2.50587672707092	6.67784132352871	63	63	0.708795980249278	0.990691935691339
PWY_6123_inosine_5__phosphatebiosynthesisI	Status	TS	3.05774671875181	4.04365288812946	63	63	0.45249755788975	0.990691935691339
PWY_6123_inosine_5__phosphatebiosynthesisI	Sex	M	-0.411567362261472	4.10207814490959	63	63	0.920415709020359	0.990691935691339
PWY_6124_inosine_5__phosphatebiosynthesisII	Status	TS	2.45765892138311	3.71400135568045	63	63	0.510678983499507	0.990691935691339
PWY_6124_inosine_5__phosphatebiosynthesisII	Sex	M	-0.427336180592031	3.76766359843239	63	63	0.910074610431735	0.990691935691339
PWY_6125_superpathwayofguanosinenucleotidesdenovobiosynthesisII	Status	TS	-2.71471356234671	2.97148063434124	63	63	0.364589254848519	0.990691935691339
PWY_6125_superpathwayofguanosinenucleotidesdenovobiosynthesisII	Sex	M	1.45840178837938	3.01441446765522	63	63	0.630282350609593	0.990691935691339
PWY_6126_superpathwayofadenosinenucleotidesdenovobiosynthesisII	Status	TS	2.02894836790472	3.67260081743983	63	63	0.582688628870869	0.990691935691339
PWY_6126_superpathwayofadenosinenucleotidesdenovobiosynthesisII	Sex	M	-3.34692796308762	3.72566487900647	63	63	0.37259323962392	0.990691935691339
PWY_6143_CMP_pseudaminatebiosynthesis	Status	TS	-0.0373947500207102	0.26510553930931	63	14	0.888298153460384	0.990691935691339
PWY_6143_CMP_pseudaminatebiosynthesis	Sex	M	-0.554185657573792	0.268935951967491	63	14	0.0436786096784626	0.990691935691339
PWY_6147_6_hydroxymethyl_dihydropterindiphosphatebiosynthesisI	Status	TS	0.948166584141671	2.36522276970574	63	62	0.689933717448575	0.990691935691339
PWY_6147_6_hydroxymethyl_dihydropterindiphosphatebiosynthesisI	Sex	M	-0.427889953800817	2.39939700559723	63	62	0.859062789616126	0.990691935691339
PWY_6163_chorismatebiosynthesisfrom3_dehydroquinate	Status	TS	3.45348570853371	5.47757357306072	63	63	0.530776474634559	0.990691935691339
PWY_6163_chorismatebiosynthesisfrom3_dehydroquinate	Sex	M	0.765630042615324	5.55671702364659	63	63	0.890872012629403	0.990691935691339
PWY_6168_flavinbiosynthesisIII_fungi_	Status	TS	3.43678585574049	5.08604962410532	63	63	0.501809607914334	0.990691935691339
PWY_6168_flavinbiosynthesisIII_fungi_	Sex	M	-3.01770559022993	5.15953608882071	63	63	0.560822025056826	0.990691935691339
PWY_621_sucrosedegradationIII_sucroseinvertase_	Status	TS	0.893569272048186	3.45081602988917	63	63	0.796564507774304	0.990691935691339
PWY_621_sucrosedegradationIII_sucroseinvertase_	Sex	M	-2.11928369713476	3.50067560444343	63	63	0.547201204529793	0.990691935691339
PWY_622_starchbiosynthesis	Status	TS	-2.14799908244034	2.82154164568092	63	54	0.449468339098839	0.990691935691339
PWY_622_starchbiosynthesis	Sex	M	1.12343082987608	2.8623090655672	63	54	0.696086261628778	0.990691935691339
PWY_6263_superpathwayofmenaquinol_8biosynthesisII	Status	TS	0.148693070335692	0.321649254342393	63	32	0.645550224528118	0.990691935691339
PWY_6263_superpathwayofmenaquinol_8biosynthesisII	Sex	M	-0.050822893405369	0.326296646390621	63	32	0.876747642663433	0.990691935691339
PWY_6270_isoprenebiosynthesisI	Status	TS	-4.81703524162927	2.98403065282783	63	57	0.111715919105905	0.990691935691339
PWY_6270_isoprenebiosynthesisI	Sex	M	0.967265201559798	3.02714581675375	63	57	0.750434244332234	0.990691935691339
PWY_6277_superpathwayof5_aminoimidazoleribonucleotidebiosynthesis	Status	TS	5.86628960948559	6.58272987506734	63	63	0.376401184697903	0.990691935691339
PWY_6277_superpathwayof5_aminoimidazoleribonucleotidebiosynthesis	Sex	M	-2.50587672707092	6.67784132352871	63	63	0.708795980249278	0.990691935691339
PWY_6282_palmitoleatebiosynthesisI_from_5Z__dodec_5_enoate_	Status	TS	-0.812791042026231	1.10559697867847	63	60	0.465105798934842	0.990691935691339
PWY_6282_palmitoleatebiosynthesisI_from_5Z__dodec_5_enoate_	Sex	M	0.879407535423683	1.1215713437295	63	60	0.436074684746959	0.990691935691339
PWY_6284_superpathwayofunsaturatedfattyacidsbiosynthesis_E_coli_	Status	TS	0.678756980647628	0.903805708707137	63	52	0.455588829329598	0.990691935691339
PWY_6284_superpathwayofunsaturatedfattyacidsbiosynthesis_E_coli_	Sex	M	-0.717543299358671	0.916864465744757	63	52	0.436936659799197	0.990691935691339
PWY_6285_superpathwayoffattyacidsbiosynthesis_E_coli_	Status	TS	0.384513917980512	0.35771614996467	63	7	0.286717154441881	0.990691935691339
PWY_6285_superpathwayoffattyacidsbiosynthesis_E_coli_	Sex	M	-0.28316074521227	0.362884659353158	63	7	0.438278893078573	0.990691935691339
PWY_6305_putrescinebiosynthesisIV	Status	TS	2.31567183346391	3.58820751611507	63	63	0.52115672916794	0.990691935691339
PWY_6305_putrescinebiosynthesisIV	Sex	M	0.740146506232375	3.64005220983861	63	63	0.839561979431377	0.990691935691339
PWY_6317_galactosedegradationI_Leloirpathway_	Status	TS	10.3469635208857	5.90165790721883	63	63	0.0846700838415034	0.990691935691339
PWY_6317_galactosedegradationI_Leloirpathway_	Sex	M	-5.38921661278852	5.98692879673309	63	63	0.371631914585521	0.990691935691339
PWY_6318_L_phenylalaninedegradationIV_mammalian_viasidechain_	Status	TS	0.240869095377816	0.107275134782111	63	10	0.028443169220853	0.990691935691339
PWY_6318_L_phenylalaninedegradationIV_mammalian_viasidechain_	Sex	M	-0.19026345627879	0.108825113840444	63	10	0.085519898233631	0.990691935691339
PWY_6353_purinenucleotidesdegradationII_aerobic_	Status	TS	5.74276161806539	3.25552558881745	63	63	0.0828217774673987	0.990691935691339
PWY_6353_purinenucleotidesdegradationII_aerobic_	Sex	M	1.93608577596665	3.30256348344963	63	63	0.559915135783979	0.990691935691339
PWY_6385_peptidoglycanbiosynthesisIII_mycobacteria_	Status	TS	3.54670329732023	5.46991532144737	63	63	0.519198973875515	0.990691935691339
PWY_6385_peptidoglycanbiosynthesisIII_mycobacteria_	Sex	M	-2.250755812013	5.54894812076584	63	63	0.686465793471411	0.990691935691339
PWY_6386_UDP_N_acetylmuramoyl_pentapeptidebiosynthesisII_lysine_containing_	Status	TS	2.2304635627673	6.0304465775048	63	63	0.712783885734147	0.990691935691339
PWY_6387_UDP_N_acetylmuramoyl_pentapeptidebiosynthesisI_meso_diaminopimelatecontaining_	Status	TS	3.07831807220872	5.94281624243673	63	63	0.606370239160204	0.990691935691339
PWY_6387_UDP_N_acetylmuramoyl_pentapeptidebiosynthesisI_meso_diaminopimelatecontaining_	Sex	M	-2.1184885219193	6.02868181363369	63	63	0.726518101669666	0.990691935691339
PWY_6435_4_hydroxybenzoatebiosynthesisV	Status	TS	0.0865634348750849	0.300879071258687	63	18	0.774566459110329	0.990691935691339
PWY_6435_4_hydroxybenzoatebiosynthesisV	Sex	M	-0.579370807190506	0.305226362553065	63	18	0.0624872097609037	0.990691935691339
PWY_6470_peptidoglycanbiosynthesisV__beta__lactamresistance_	Status	TS	4.11275562192246	2.66012609927721	63	61	0.12734498648381	0.990691935691339
PWY_6470_peptidoglycanbiosynthesisV__beta__lactamresistance_	Sex	M	-1.11430856877163	2.69856128516421	63	61	0.681132113068866	0.990691935691339
PWY_6471_peptidoglycanbiosynthesisIV_Enterococcusfaecium_	Status	TS	1.4748946233592	4.91776436533069	63	61	0.765281170269679	0.990691935691339
PWY_6471_peptidoglycanbiosynthesisIV_Enterococcusfaecium_	Sex	M	4.18506748096834	4.98881933809357	63	61	0.404861267638535	0.990691935691339
PWY_6478_GDP_D_glycero__alpha__D_manno_heptosebiosynthesis	Status	TS	-0.0525738057581768	0.148930984219334	63	11	0.725319759100707	0.990691935691339
PWY_6478_GDP_D_glycero__alpha__D_manno_heptosebiosynthesis	Sex	M	-0.0726085426994608	0.151082833360757	63	11	0.632557338073927	0.990691935691339
PWY_6507_4_deoxy_L_threo_hex_4_enopyranuronatedegradation	Sex	M	0.520787740419421	1.01420289932075	63	62	0.609491159920653	0.990691935691339
PWY_6519_8_amino_7_oxononanoatebiosynthesisI	Status	TS	-0.639004448644052	1.05706158865553	63	60	0.547783792094779	0.990691935691339
PWY_6519_8_amino_7_oxononanoatebiosynthesisI	Sex	M	0.218484558196222	1.07233468366596	63	60	0.839240989531742	0.990691935691339
PWY_6527_stachyosedegradation	Status	TS	13.1023542260378	6.59111702554013	63	63	0.0513937047382313	0.990691935691339
PWY_6527_stachyosedegradation	Sex	M	-5.69939015257851	6.68634965686106	63	63	0.39738635696208	0.990691935691339
PWY_6531_mannitolcycle	Sex	M	0.495089423880344	0.575420029813699	63	43	0.392995550520806	0.990691935691339
PWY_6545_pyrimidinedeoxyribonucleotidesdenovobiosynthesisIII	Status	TS	-1.96580945977891	1.7525123911444	63	63	0.266455216949872	0.990691935691339
PWY_6545_pyrimidinedeoxyribonucleotidesdenovobiosynthesisIII	Sex	M	0.35999113096046	1.77783379960741	63	63	0.840219802551499	0.990691935691339
PWY_6549_L_glutaminebiosynthesisIII	Status	TS	-0.38957128585976	1.38463293353264	63	62	0.779407350124737	0.990691935691339
PWY_6549_L_glutaminebiosynthesisIII	Sex	M	-0.666757747029651	1.40463898670435	63	62	0.636736419583572	0.990691935691339
PWY_6562_norspermidinebiosynthesis	Status	TS	-0.138308496854267	0.148215099061539	63	9	0.35447718126493	0.990691935691339
PWY_6562_norspermidinebiosynthesis	Sex	M	-0.0803301980514533	0.150356604641007	63	9	0.595132698782668	0.990691935691339
PWY_6572_chondroitinsulfatedegradationI_bacterial_	Status	TS	0.201176401328726	0.137255026885305	63	15	0.147947881772578	0.990691935691339
PWY_6572_chondroitinsulfatedegradationI_bacterial_	Sex	M	0.0106381031609735	0.139238174403649	63	15	0.939353312508976	0.990691935691339
PWY_6588_pyruvatefermentationtoacetone	Status	TS	-0.422844396094171	0.561665622689019	63	48	0.454489761160191	0.990691935691339
PWY_6588_pyruvatefermentationtoacetone	Sex	M	-0.0386963744214322	0.569780923170548	63	48	0.946079532163904	0.990691935691339
PWY_6590_superpathwayofClostridiumacetobutylicumacidogenicfermentation	Status	TS	-0.292428373245717	0.960345994795825	63	60	0.76179827126088	0.990691935691339
PWY_6590_superpathwayofClostridiumacetobutylicumacidogenicfermentation	Sex	M	-1.20915291129849	0.974221681679934	63	60	0.219381922760669	0.990691935691339
PWY_6595_superpathwayofguanosinenucleotidesdegradation_plants_	Status	TS	0.529345592424833	0.737057151684786	63	51	0.47542873428634	0.990691935691339
PWY_6595_superpathwayofguanosinenucleotidesdegradation_plants_	Sex	M	-0.955622033514251	0.747706620009632	63	51	0.206146877434301	0.990691935691339
PWY_6606_guanosinenucleotidesdegradationII	Status	TS	3.47948282200544	2.03524539751216	63	63	0.09250497770495	0.990691935691339
PWY_6606_guanosinenucleotidesdegradationII	Sex	M	1.23783549909011	2.06465191143656	63	63	0.551072131676832	0.990691935691339
PWY_6608_guanosinenucleotidesdegradationIII	Status	TS	7.29772818703413	4.50909956643087	63	63	0.110812188631542	0.990691935691339
PWY_6608_guanosinenucleotidesdegradationIII	Sex	M	4.2553474070621	4.57424989147218	63	63	0.35595246488356	0.990691935691339
PWY_6609_adenineandadenosinesalvageIII	Status	TS	19.8599759266411	12.454685174577	63	63	0.116061083401162	0.990691935691339
PWY_6609_adenineandadenosinesalvageIII	Sex	M	-12.330813257895	12.6346383504731	63	63	0.333006320076795	0.990691935691339
PWY_6612_superpathwayoftetrahydrofolatebiosynthesis	Status	TS	0.521506931952952	1.43923685338512	63	53	0.718363987683375	0.990691935691339
PWY_6612_superpathwayoftetrahydrofolatebiosynthesis	Sex	M	0.568460466295376	1.46003185855811	63	53	0.698397240242452	0.990691935691339
PWY_6628_superpathwayofL_phenylalaninebiosynthesis	Status	TS	0.063722063924654	0.906655853293568	63	23	0.944202520903003	0.990691935691339
PWY_6628_superpathwayofL_phenylalaninebiosynthesis	Sex	M	-0.674784099510378	0.91975579102447	63	23	0.466015743387341	0.990691935691339
PWY_6629_superpathwayofL_tryptophanbiosynthesis	Status	TS	-0.293511377389989	0.50959284065643	63	16	0.566788119306721	0.990691935691339
PWY_6629_superpathwayofL_tryptophanbiosynthesis	Sex	M	0.12191571744107	0.516955760618246	63	16	0.814364686767119	0.990691935691339
PWY_6630_superpathwayofL_tyrosinebiosynthesis	Status	TS	-0.209756882582004	0.408241460600792	63	16	0.609274792683853	0.990691935691339
PWY_6630_superpathwayofL_tyrosinebiosynthesis	Sex	M	0.107302247490832	0.414139991662622	63	16	0.79644760978558	0.990691935691339
PWY_6700_queuosinebiosynthesis	Status	TS	5.0806372923701	5.45592128537817	63	63	0.35547411293292	0.990691935691339
PWY_6700_queuosinebiosynthesis	Sex	M	-2.78611896388248	5.53475189000452	63	63	0.61653573962124	0.990691935691339
PWY_6703_preQ0biosynthesis	Status	TS	2.02893293003844	2.4630764189852	63	63	0.413350078080963	0.990691935691339
PWY_6703_preQ0biosynthesis	Sex	M	-2.84647599992207	2.49866450634817	63	63	0.2591479883901	0.990691935691339
PWY_6731_starchdegradationIII	Status	TS	0.36476769244063	1.76804544835032	63	57	0.837246269111768	0.990691935691339
PWY_6731_starchdegradationIII	Sex	M	-0.787643496459181	1.79359128825711	63	57	0.662135225570542	0.990691935691339
PWY_6737_starchdegradationV	Sex	M	-0.638539475154383	6.90457152171552	63	63	0.926624239802351	0.990691935691339
PWY_6749_CMP_legionaminatebiosynthesisI	Status	TS	0.119091444316148	0.288578130082207	63	14	0.681309461619417	0.990691935691339
PWY_6749_CMP_legionaminatebiosynthesisI	Sex	M	-0.037790787062018	0.292747689591302	63	14	0.897718230636848	0.990691935691339
PWY_6803_phosphatidylcholineacylediting	Status	TS	0.0293937710891657	0.132337669834102	63	20	0.824981076336818	0.990691935691339
PWY_6823_molybdenumcofactorbiosynthesis	Status	TS	-0.14135028252721	0.107249929580066	63	9	0.192529511594057	0.990691935691339
PWY_6823_molybdenumcofactorbiosynthesis	Sex	M	-0.0273662715306015	0.108799544457683	63	9	0.802264440662554	0.990691935691339
PWY_6859_all_trans_farnesolbiosynthesis	Status	TS	0.799565508077377	1.08644525144065	63	55	0.464630790482638	0.990691935691339
PWY_6859_all_trans_farnesolbiosynthesis	Sex	M	-0.315808177926807	1.10214290021246	63	55	0.775451583285924	0.990691935691339
PWY_6876_isopropanolbiosynthesis	Status	TS	0.0742988786927246	0.0844394581226253	63	10	0.382420376248327	0.990691935691339
PWY_6876_isopropanolbiosynthesis	Sex	M	-0.0189381262924379	0.0856594928683551	63	10	0.82577602818522	0.990691935691339
PWY_6891_thiazolebiosynthesisII_Bacillus_	Status	TS	2.73635128842987	2.83430500074944	63	62	0.33819979810652	0.990691935691339
PWY_6891_thiazolebiosynthesisII_Bacillus_	Sex	M	-1.62522918426475	2.87525683366964	63	62	0.57401364684918	0.990691935691339
PWY_6892_thiazolebiosynthesisI_E_coli_	Status	TS	6.48295840973698	5.46827307545285	63	63	0.240470773669871	0.990691935691339
PWY_6892_thiazolebiosynthesisI_E_coli_	Sex	M	2.5724728856037	5.54728214656156	63	63	0.644515111396446	0.990691935691339
PWY_6895_superpathwayofthiamindiphosphatebiosynthesisII	Status	TS	-0.58969589903375	2.42792694284468	63	62	0.808926438637549	0.990691935691339
PWY_6895_superpathwayofthiamindiphosphatebiosynthesisII	Sex	M	-2.57159741177888	2.46300716832484	63	62	0.300632908257955	0.990691935691339
PWY_6897_thiaminsalvageII	Status	TS	-4.14735566756607	2.89358304234584	63	63	0.156964321722547	0.990691935691339
PWY_6897_thiaminsalvageII	Sex	M	1.84956260057861	2.93539136193725	63	63	0.53102768511309	0.990691935691339
PWY_6901_superpathwayofglucoseandxylosedegradation	Status	TS	-4.16008267441667	2.38532977729383	63	62	0.0862755422282234	0.990691935691339
PWY_6901_superpathwayofglucoseandxylosedegradation	Sex	M	0.913966011566731	2.41979453195978	63	62	0.70698337930354	0.990691935691339
PWY_6936_seleno_aminoacidbiosynthesis	Status	TS	5.31447251394542	4.22370451798574	63	63	0.213176117681122	0.990691935691339
PWY_6936_seleno_aminoacidbiosynthesis	Sex	M	2.67982093325816	4.28473127469651	63	63	0.534057331549798	0.990691935691339
PWY_6969_TCAcycleV_2_oxoglutarate_ferredoxinoxidoreductase_	Status	TS	-0.358454386051089	1.03619671349967	63	46	0.730603322533731	0.990691935691339
PWY_6969_TCAcycleV_2_oxoglutarate_ferredoxinoxidoreductase_	Sex	M	-1.53545937077527	1.05116833958525	63	46	0.149310237788818	0.990691935691339
PWY_7003_glyceroldegradationtobutanol	Status	TS	-0.984878011349905	1.10255690252368	63	48	0.375282996026817	0.990691935691339
PWY_7013_L_1_2_propanedioldegradation	Sex	M	-2.01534048601463	1.27211851493355	63	61	0.118396341561614	0.990691935691339
PWY_7046_4_coumaratedegradation_anaerobic_	Status	TS	0.143924935271022	0.459633801795846	63	41	0.755268121151826	0.990691935691339
PWY_7046_4_coumaratedegradation_anaerobic_	Sex	M	-0.247883709408716	0.466274881937413	63	41	0.596948143195755	0.990691935691339
PWY_7111_pyruvatefermentationtoisobutanol_engineered_	Status	TS	-2.49560935202745	5.05469458466268	63	63	0.623305705682639	0.990691935691339
PWY_7111_pyruvatefermentationtoisobutanol_engineered_	Sex	M	-0.472693473694865	5.12772801191876	63	63	0.926859108436908	0.990691935691339
PWY_7115_C4photosyntheticcarbonassimilationcycle_NAD_MEtype	Status	TS	-2.57164200135323	1.64946052224867	63	61	0.124236797272431	0.990691935691339
PWY_7117_C4photosyntheticcarbonassimilationcycle_PEPCKtype	Status	TS	-4.62294353314264	2.7940997820517	63	62	0.103240845549558	0.990691935691339
PWY_7117_C4photosyntheticcarbonassimilationcycle_PEPCKtype	Sex	M	2.84103849792958	2.83447070452007	63	62	0.320215723857083	0.990691935691339
PWY_7184_pyrimidinedeoxyribonucleotidesdenovobiosynthesisI	Status	TS	-2.45416082766877	2.12001658841231	63	63	0.251609162967515	0.990691935691339
PWY_7184_pyrimidinedeoxyribonucleotidesdenovobiosynthesisI	Sex	M	0.94517842466649	2.15064793016761	63	63	0.661888706361557	0.990691935691339
PWY_7187_pyrimidinedeoxyribonucleotidesdenovobiosynthesisII	Status	TS	-2.8008052117702	2.43880698743599	63	63	0.255348091882758	0.990691935691339
PWY_7187_pyrimidinedeoxyribonucleotidesdenovobiosynthesisII	Sex	M	0.167293663110291	2.47404441468807	63	63	0.946313360730426	0.990691935691339
PWY_7196_superpathwayofpyrimidineribonucleosidessalvage	Status	TS	-0.273099067015801	1.66306867922352	63	62	0.87011467202492	0.990691935691339
PWY_7196_superpathwayofpyrimidineribonucleosidessalvage	Sex	M	0.876228389316439	1.68709774831396	63	62	0.605413265652017	0.990691935691339
PWY_7197_pyrimidinedeoxyribonucleotidephosphorylation	Status	TS	-1.7575385404848	1.59562511538873	63	63	0.27508978338054	0.990691935691339
PWY_7197_pyrimidinedeoxyribonucleotidephosphorylation	Sex	M	0.7930009739144	1.61867971717343	63	63	0.625986968188985	0.990691935691339
PWY_7198_pyrimidinedeoxyribonucleotidesdenovobiosynthesisIV	Status	TS	-1.1874502988114	1.44852565358769	63	62	0.415594861366525	0.990691935691339
PWY_7198_pyrimidinedeoxyribonucleotidesdenovobiosynthesisIV	Sex	M	0.240275713405424	1.46945486922633	63	62	0.870663676032232	0.990691935691339
PWY_7199_pyrimidinedeoxyribonucleosidessalvage	Status	TS	0.525648218357182	3.91728066097065	63	63	0.893703790743338	0.990691935691339
PWY_7199_pyrimidinedeoxyribonucleosidessalvage	Sex	M	-3.90502328917594	3.97388001181228	63	63	0.329714577176349	0.990691935691339
PWY_7204_pyridoxal5__phosphatesalvageII_plants_	Status	TS	0.0918747630361787	0.0665710462905677	63	10	0.172676447459316	0.990691935691339
PWY_7204_pyridoxal5__phosphatesalvageII_plants_	Sex	M	-0.121064381709375	0.0675329069104705	63	10	0.0780666112971378	0.990691935691339
PWY_7208_superpathwayofpyrimidinenucleobasessalvage	Sex	M	-0.244329066767411	2.56208662757887	63	63	0.924344043593581	0.990691935691339
PWY_7209_superpathwayofpyrimidineribonucleosidesdegradation	Status	TS	-0.931348404917674	0.973079234737517	63	47	0.342350148528551	0.990691935691339
PWY_7209_superpathwayofpyrimidineribonucleosidesdegradation	Sex	M	0.276258013120236	0.987138899533138	63	47	0.780549557927257	0.990691935691339
PWY_7210_pyrimidinedeoxyribonucleotidesbiosynthesisfromCTP	Status	TS	1.77001636319945	0.886466693090008	63	41	0.0503993918905622	0.990691935691339
PWY_7210_pyrimidinedeoxyribonucleotidesbiosynthesisfromCTP	Sex	M	-1.24852750490778	0.899274925053452	63	41	0.170157271303331	0.990691935691339
PWY_7211_superpathwayofpyrimidinedeoxyribonucleotidesdenovobiosynthesis	Status	TS	-1.45501927433489	1.68950522072453	63	62	0.392550901185361	0.990691935691339
PWY_7211_superpathwayofpyrimidinedeoxyribonucleotidesdenovobiosynthesis	Sex	M	0.227698664135008	1.71391626170235	63	62	0.894754314302397	0.990691935691339
PWY_7219_adenosineribonucleotidesdenovobiosynthesis	Status	TS	4.87934329772431	5.21222442096875	63	63	0.352956658794184	0.990691935691339
PWY_7219_adenosineribonucleotidesdenovobiosynthesis	Sex	M	-2.18948076740369	5.28753393902473	63	63	0.680289494708667	0.990691935691339
PWY_7220_adenosinedeoxyribonucleotidesdenovobiosynthesisII	Status	TS	2.61974646536499	3.91217241601556	63	63	0.505656326006441	0.990691935691339
PWY_7220_adenosinedeoxyribonucleotidesdenovobiosynthesisII	Sex	M	-1.75148477163604	3.96869795970028	63	63	0.660564222885096	0.990691935691339
PWY_7221_guanosineribonucleotidesdenovobiosynthesis	Status	TS	3.32950763286408	5.79408491503679	63	63	0.56768384498394	0.990691935691339
PWY_7221_guanosineribonucleotidesdenovobiosynthesis	Sex	M	-1.6661845027275	5.87780152186044	63	63	0.777791870218958	0.990691935691339
PWY_7222_guanosinedeoxyribonucleotidesdenovobiosynthesisII	Status	TS	2.61974646536499	3.91217241601556	63	63	0.505656326006441	0.990691935691339
PWY_7222_guanosinedeoxyribonucleotidesdenovobiosynthesisII	Sex	M	-1.75148477163604	3.96869795970028	63	63	0.660564222885096	0.990691935691339
PWY_7228_superpathwayofguanosinenucleotidesdenovobiosynthesisI	Status	TS	-2.87273317964514	2.99401924614244	63	63	0.341162322064439	0.990691935691339
PWY_7228_superpathwayofguanosinenucleotidesdenovobiosynthesisI	Sex	M	1.59045566812008	3.03727873158789	63	63	0.602454373472289	0.990691935691339
PWY_7229_superpathwayofadenosinenucleotidesdenovobiosynthesisI	Status	TS	2.68007312144324	3.8575293133162	63	63	0.489884896322482	0.990691935691339
PWY_7229_superpathwayofadenosinenucleotidesdenovobiosynthesisI	Sex	M	-3.32713278526787	3.91326533886106	63	63	0.398583423840764	0.990691935691339
PWY_7234_inosine_5__phosphatebiosynthesisIII	Status	TS	-6.65798002538661	3.88751814977515	63	62	0.0919397733862928	0.990691935691339
PWY_7234_inosine_5__phosphatebiosynthesisIII	Sex	M	2.86677552698633	3.94368747301374	63	62	0.470097054299867	0.990691935691339
PWY_7237_myo__chiro_andscillo_inositoldegradation	Status	TS	10.627122434703	5.61375770823277	63	61	0.0631771099601423	0.990691935691339
PWY_7237_myo__chiro_andscillo_inositoldegradation	Sex	M	-1.20819429810934	5.69486883341558	63	61	0.832705270052373	0.990691935691339
PWY_7242_D_fructuronatedegradation	Status	TS	-0.814343493762236	1.49288268624415	63	63	0.587443004852237	0.990691935691339
PWY_7242_D_fructuronatedegradation	Sex	M	1.60984540560995	1.51445280037102	63	63	0.292046986133986	0.990691935691339
PWY_724_superpathwayofL_lysine_L_threonineandL_methioninebiosynthesisII	Status	TS	0.444742459017969	4.10414539475053	63	63	0.914068372006356	0.990691935691339
PWY_724_superpathwayofL_lysine_L_threonineandL_methioninebiosynthesisII	Sex	M	3.53841306345833	4.16344468556137	63	63	0.398772451054784	0.990691935691339
PWY_7254_TCAcycleVII_acetate_producers_	Status	TS	0.240055615345382	0.369228771353575	63	18	0.518074389154158	0.990691935691339
PWY_7254_TCAcycleVII_acetate_producers_	Sex	M	-0.0831360394538377	0.374563622384006	63	18	0.825103133122489	0.990691935691339
PWY_7282_4_amino_2_methyl_5_phosphomethylpyrimidinebiosynthesis_yeast_	Status	TS	-1.49385479362954	2.94704761555938	63	57	0.614083778273622	0.990691935691339
PWY_7282_4_amino_2_methyl_5_phosphomethylpyrimidinebiosynthesis_yeast_	Sex	M	-0.88200708472129	2.98962842515057	63	57	0.768995293321377	0.990691935691339
PWY_7288_fattyacid_beta__oxidation_peroxisome_yeast_	Status	TS	0.457051776511483	0.222103794901371	63	19	0.0439588105722577	0.990691935691339
PWY_7288_fattyacid_beta__oxidation_peroxisome_yeast_	Sex	M	-0.596638778245901	0.225312891133901	63	19	0.0103291236855853	0.990691935691339
PWY_7312_dTDP_D__beta__fucofuranosebiosynthesis	Status	TS	-0.261544573544938	0.466912626632988	63	12	0.577457627056823	0.990691935691339
PWY_7312_dTDP_D__beta__fucofuranosebiosynthesis	Sex	M	-0.477213430875091	0.473658875843694	63	12	0.317738351332014	0.990691935691339
PWY_7315_dTDP_N_acetylthomosaminebiosynthesis	Status	TS	-0.788883138644748	1.50140245304692	63	51	0.60122018815453	0.990691935691339
PWY_7315_dTDP_N_acetylthomosaminebiosynthesis	Sex	M	-0.931973698805602	1.52309566615804	63	51	0.542919455655736	0.990691935691339
PWY_7316_dTDP_N_acetylviosaminebiosynthesis	Status	TS	-0.797753871739374	0.516174091643101	63	15	0.127480745040249	0.990691935691339
PWY_7316_dTDP_N_acetylviosaminebiosynthesis	Sex	M	0.417521025780781	0.523632101685463	63	15	0.428388743837522	0.990691935691339
PWY_7323_superpathwayofGDP_mannose_derivedO_antigenbuildingblocksbiosynthesis	Status	TS	1.78429790149811	1.88972618818502	63	63	0.348849253499635	0.990691935691339
PWY_7323_superpathwayofGDP_mannose_derivedO_antigenbuildingblocksbiosynthesis	Sex	M	-1.97820858290614	1.91703014845147	63	63	0.306254496557822	0.990691935691339
PWY_7328_superpathwayofUDP_glucose_derivedO_antigenbuildingblocksbiosynthesis	Status	TS	-0.798696997617737	1.84796051521312	63	57	0.667142113163733	0.990691935691339
PWY_7328_superpathwayofUDP_glucose_derivedO_antigenbuildingblocksbiosynthesis	Sex	M	-0.267819800311964	1.87466101859654	63	57	0.886877026932411	0.990691935691339
PWY_7332_superpathwayofUDP_N_acetylglucosamine_derivedO_antigenbuildingblocksbiosynthesis	Status	TS	-0.60985516066087	1.7461314391501	63	23	0.728116386018542	0.990691935691339
PWY_7332_superpathwayofUDP_N_acetylglucosamine_derivedO_antigenbuildingblocksbiosynthesis	Sex	M	-1.21611443451049	1.77136065157921	63	23	0.495015849522728	0.990691935691339
PWY_7357_thiaminformationfrompyrithiamineandoxythiamine_yeast_	Status	TS	10.7106344500845	6.91602231809267	63	63	0.126720057596169	0.990691935691339
PWY_7357_thiaminformationfrompyrithiamineandoxythiamine_yeast_	Sex	M	1.78953217349878	7.01594938676313	63	63	0.799544187831357	0.990691935691339
PWY_7371_1_4_dihydroxy_6_naphthoatebiosynthesisII	Sex	M	0.331529004711221	0.548676005757473	63	35	0.547965755670562	0.990691935691339
PWY_7383_anaerobicenergymetabolism_invertebrates_cytosol_	Status	TS	-2.70560669694188	1.94615554308464	63	62	0.169594568162181	0.990691935691339
PWY_7383_anaerobicenergymetabolism_invertebrates_cytosol_	Sex	M	-2.84019261940991	1.97427483039354	63	62	0.155459934081315	0.990691935691339
PWY_7385_1_3_propanediolbiosynthesis_engineered_	Status	TS	0.130710069390089	0.215906826140284	63	8	0.547196198000886	0.990691935691339
PWY_7385_1_3_propanediolbiosynthesis_engineered_	Sex	M	0.068951500568127	0.219026384645134	63	8	0.753998789122183	0.990691935691339
PWY_7388_octanoyl__acyl_carrierprotein_biosynthesis_mitochondria_yeast_	Status	TS	-0.462920242740424	1.65052819509533	63	61	0.78008331844763	0.990691935691339
PWY_7388_octanoyl__acyl_carrierprotein_biosynthesis_mitochondria_yeast_	Sex	M	2.78446270651892	1.67437607133228	63	61	0.101531060833831	0.990691935691339
PWY_7392_taxadienebiosynthesis_engineered_	Status	TS	-0.0937194042999225	0.97185597406158	63	50	0.923497729159119	0.990691935691339
PWY_7392_taxadienebiosynthesis_engineered_	Sex	M	-1.59023689668093	0.985897964412564	63	50	0.111996063212492	0.990691935691339
PWY_7400_L_argininebiosynthesisIV_archaebacteria_	Status	TS	3.1948165525106	5.78533872736642	63	63	0.582844573275479	0.990691935691339
PWY_7400_L_argininebiosynthesisIV_archaebacteria_	Sex	M	-1.63694473735084	5.8689289637338	63	63	0.781267543816679	0.990691935691339
PWY_7456_mannandegradation	Status	TS	-0.358010622067974	1.72813577385769	63	62	0.836581874873451	0.990691935691339
PWY_7456_mannandegradation	Sex	M	-2.65187808215006	1.75310497352241	63	62	0.135612030720784	0.990691935691339
PWY_7539_6_hydroxymethyl_dihydropterindiphosphatebiosynthesisIII_Chlamydia_	Status	TS	1.18667202373708	2.43919824947758	63	62	0.628384465664171	0.990691935691339
PWY_7539_6_hydroxymethyl_dihydropterindiphosphatebiosynthesisIII_Chlamydia_	Sex	M	-0.416801086391083	2.47444132993132	63	62	0.866801710832829	0.990691935691339
PWY_7560_methylerythritolphosphatepathwayII	Status	TS	-4.51665293747742	2.71317929941966	63	57	0.101185105066165	0.990691935691339
PWY_7560_methylerythritolphosphatepathwayII	Sex	M	1.20912001484525	2.75238103152789	63	57	0.662022543597306	0.990691935691339
PWY_7616_methanoloxidationtocarbondioxide	Status	TS	0.0250881456590913	0.119101322303502	63	8	0.833877734874917	0.990691935691339
PWY_7616_methanoloxidationtocarbondioxide	Sex	M	-0.0223071099244243	0.120822173605764	63	8	0.854143759855362	0.990691935691339
PWY_7663_gondoatebiosynthesis_anaerobic_	Status	TS	-1.28226650983384	2.30499795400323	63	63	0.580075803533079	0.990691935691339
PWY_7663_gondoatebiosynthesis_anaerobic_	Sex	M	-0.968529066709319	2.33830202363187	63	63	0.680203313774719	0.990691935691339
PWY_7664_oleatebiosynthesisIV_anaerobic_	Status	TS	-0.947926219683957	1.2391768093806	63	60	0.447291151400702	0.990691935691339
PWY_7664_oleatebiosynthesisIV_anaerobic_	Sex	M	0.835644676792507	1.25708122038892	63	60	0.508757437327618	0.990691935691339
PWY_821_superpathwayofsulfuraminoacidbiosynthesis_Saccharomycescerevisiae_	Status	TS	1.15206089714707	0.720748113852893	63	18	0.115202147557756	0.990691935691339
PWY_821_superpathwayofsulfuraminoacidbiosynthesis_Saccharomycescerevisiae_	Sex	M	-0.695704636825142	0.731161938874636	63	18	0.345165174422515	0.990691935691339
PWY_841_superpathwayofpurinenucleotidesdenovobiosynthesisI	Status	TS	-3.0919186936771	3.06600844480118	63	63	0.317287788119289	0.990691935691339
PWY_841_superpathwayofpurinenucleotidesdenovobiosynthesisI	Sex	M	0.998110177298977	3.11030807576194	63	63	0.749398265090196	0.990691935691339
PWY0_1061_superpathwayofL_alaninebiosynthesis	Status	TS	-6.63246432851689	3.45553051776764	63	63	0.0596959351874929	0.990691935691339
PWY0_1061_superpathwayofL_alaninebiosynthesis	Sex	M	1.67047400685906	3.50545821022729	63	63	0.635424090101581	0.990691935691339
PWY0_1241_ADP_L_glycero__beta__D_manno_heptosebiosynthesis	Status	TS	-0.482728996938705	0.614162172816002	63	52	0.434963030414125	0.990691935691339
PWY0_1241_ADP_L_glycero__beta__D_manno_heptosebiosynthesis	Sex	M	-0.919834118883363	0.62303597668694	63	52	0.145072897517901	0.990691935691339
PWY0_1261_anhydromuropeptidesrecycling	Status	TS	-2.73167179919895	2.58027283502086	63	62	0.293991131195754	0.990691935691339
PWY0_1261_anhydromuropeptidesrecycling	Sex	M	-0.159386627171969	2.61755425039442	63	62	0.951648049561926	0.990691935691339
PWY0_1296_purineribonucleosidesdegradation	Status	TS	21.8670961150034	12.4319148351098	63	63	0.0836849087975043	0.990691935691339
PWY0_1296_purineribonucleosidesdegradation	Sex	M	-5.34421386074758	12.6115390107264	63	63	0.673259186172785	0.990691935691339
PWY0_1297_superpathwayofpurinedeoxyribonucleosidesdegradation	Status	TS	3.37931210103553	2.3831770444538	63	62	0.161367726846403	0.990691935691339
PWY0_1297_superpathwayofpurinedeoxyribonucleosidesdegradation	Sex	M	-2.0472019379685	2.41761069507288	63	62	0.400478629137495	0.990691935691339
PWY0_1298_superpathwayofpyrimidinedeoxyribonucleosidesdegradation	Status	TS	0.31800835580611	0.863282555134185	63	53	0.713893066777983	0.990691935691339
PWY0_1319_CDP_diacylglycerolbiosynthesisII	Status	TS	8.84615146725015	6.85206863140135	63	63	0.201649224541215	0.990691935691339
PWY0_1319_CDP_diacylglycerolbiosynthesisII	Sex	M	0.551966606859417	6.95107165672033	63	63	0.936972828175327	0.990691935691339
PWY0_1415_superpathwayofhemebiosynthesisfromuroporphyrinogen_III	Status	TS	-0.0128718896053779	0.139326902309535	63	17	0.926698948689608	0.990691935691339
PWY0_1415_superpathwayofhemebiosynthesisfromuroporphyrinogen_III	Sex	M	-0.151077542739416	0.141339985595618	63	17	0.289398744759087	0.990691935691339
PWY0_1479_tRNAprocessing	Status	TS	-2.62405604412785	1.25362999979788	63	58	0.0405702235415693	0.990691935691339
PWY0_1479_tRNAprocessing	Sex	M	1.75715111799193	1.271743239651	63	58	0.17219112024365	0.990691935691339
PWY0_1586_peptidoglycanmaturation_meso_diaminopimelatecontaining_	Status	TS	-1.33421813617781	4.2104094352045	63	63	0.752430390290556	0.990691935691339
PWY0_1586_peptidoglycanmaturation_meso_diaminopimelatecontaining_	Sex	M	2.08734983833557	4.27124409614274	63	63	0.626836824743343	0.990691935691339
PWY0_162_superpathwayofpyrimidineribonucleotidesdenovobiosynthesis	Status	TS	-2.57481831121348	1.95029467874102	63	63	0.191775996142122	0.990691935691339
PWY0_162_superpathwayofpyrimidineribonucleotidesdenovobiosynthesis	Sex	M	-0.23129752518886	1.97847377090219	63	63	0.907324163079309	0.990691935691339
PWY0_166_superpathwayofpyrimidinedeoxyribonucleotidesdenovobiosynthesis_E_coli_	Status	TS	-3.04059728788975	2.41378964065616	63	63	0.212663608407915	0.990691935691339
PWY0_166_superpathwayofpyrimidinedeoxyribonucleotidesdenovobiosynthesis_E_coli_	Sex	M	0.24844339847394	2.44866560144461	63	63	0.919523034999894	0.990691935691339
PWY0_42_2_methylcitratecycleI	Status	TS	-0.0544400190855227	0.105173444806475	63	9	0.60662576776183	0.990691935691339
PWY0_42_2_methylcitratecycleI	Sex	M	-0.0759851879475646	0.106693057317556	63	9	0.479110540743736	0.990691935691339
PWY0_781_aspartatesuperpathway	Status	TS	-2.86454780959929	2.43809990974688	63	59	0.244672488022139	0.990691935691339
PWY0_781_aspartatesuperpathway	Sex	M	2.5588360000249	2.47332712069288	63	59	0.305020600247528	0.990691935691339
PWY0_845_superpathwayofpyridoxal5__phosphatebiosynthesisandsalvage	Status	TS	-1.31426526218094	2.32457645643036	63	57	0.573924611492081	0.990691935691339
PWY0_845_superpathwayofpyridoxal5__phosphatebiosynthesisandsalvage	Sex	M	-1.38876803796832	2.35816340865632	63	57	0.558126174081245	0.990691935691339
PWY0_862__5Z__dodec_5_enoatebiosynthesis	Status	TS	-0.951073507137994	1.21033913119778	63	60	0.435082246995884	0.990691935691339
PWY0_862__5Z__dodec_5_enoatebiosynthesis	Sex	M	0.913020774842945	1.22782687717589	63	60	0.460016284395798	0.990691935691339
PWY0_881_superpathwayoffattyacidbiosynthesisI_E_coli_	Status	TS	0.409896173414006	0.355262319591625	63	10	0.253163818899579	0.990691935691339
PWY0_881_superpathwayoffattyacidbiosynthesisI_E_coli_	Sex	M	-0.325383853808143	0.360395374485475	63	10	0.370214650756424	0.990691935691339
PWY3O_355_stearatebiosynthesisIII_fungi_	Status	TS	0.208414615942462	0.150476777616714	63	11	0.171172097653066	0.990691935691339
PWY3O_355_stearatebiosynthesisIII_fungi_	Sex	M	-0.030306509377286	0.152650961359713	63	11	0.843297946114177	0.990691935691339
PWY4FS_7_phosphatidylglycerolbiosynthesisI_plastidic_	Status	TS	5.22755030137183	3.62962631709451	63	63	0.154996030832242	0.990691935691339
PWY4FS_7_phosphatidylglycerolbiosynthesisI_plastidic_	Sex	M	6.26456358638088	3.68206945587495	63	63	0.0940508024509084	0.990691935691339
PWY4FS_8_phosphatidylglycerolbiosynthesisII_non_plastidic_	Status	TS	5.22755030137183	3.62962631709451	63	63	0.154996030832242	0.990691935691339
PWY4FS_8_phosphatidylglycerolbiosynthesisII_non_plastidic_	Sex	M	6.26456358638088	3.68206945587495	63	63	0.0940508024509084	0.990691935691339
PWY4LZ_257_superpathwayoffermentation_Chlamydomonasreinhardtii_	Status	TS	-0.0406696728701053	0.513442296606338	63	39	0.9371293251606	0.990691935691339
PWY4LZ_257_superpathwayoffermentation_Chlamydomonasreinhardtii_	Sex	M	0.277294064904851	0.520860835944634	63	39	0.596431350565159	0.990691935691339
PWY66_389_phytoldegradation	Status	TS	0.108896515505236	0.24768170628077	63	14	0.661760695169363	0.990691935691339
PWY66_389_phytoldegradation	Sex	M	0.182438661276204	0.251260368369119	63	14	0.470604133111886	0.990691935691339
PWY66_391_fattyacid_beta__oxidationVI_peroxisome_	Status	TS	0.612044642764518	0.277390897906918	63	19	0.0311926997575296	0.990691935691339
PWY66_391_fattyacid_beta__oxidationVI_peroxisome_	Sex	M	-0.732055579063993	0.281398817203417	63	19	0.0116735404114543	0.990691935691339
PWY66_398_TCAcycleIII_animals_	Status	TS	0.124057435349119	0.141102822895277	63	12	0.382801125761899	0.990691935691339
PWY66_398_TCAcycleIII_animals_	Sex	M	-0.101317144718692	0.143141565806237	63	12	0.481803319943625	0.990691935691339
PWY66_399_gluconeogenesisIII	Status	TS	-2.55298791329234	1.83516232407378	63	61	0.169316938712209	0.990691935691339
PWY66_399_gluconeogenesisIII	Sex	M	-3.68772870900453	1.86167791108967	63	61	0.0521960306329611	0.990691935691339
PWY66_400_glycolysisVI_metazoan_	Status	TS	-6.47084079124816	4.4808912176449	63	63	0.15391349858183	0.990691935691339
PWY66_409_superpathwayofpurinenucleotidesalvage	Status	TS	0.696796037024115	2.44609460744155	63	62	0.77673186679827	0.990691935691339
PWY66_409_superpathwayofpurinenucleotidesalvage	Sex	M	-1.64998750516547	2.48143733084093	63	62	0.508641692439334	0.990691935691339
PWY66_422_D_galactosedegradationV_Leloirpathway_	Status	TS	7.66827960338584	6.01366142531986	63	63	0.207174082811208	0.990691935691339
PWY66_422_D_galactosedegradationV_Leloirpathway_	Sex	M	-0.945066592635152	6.10055061256797	63	63	0.877408315746767	0.990691935691339
PWYG_321_mycolatebiosynthesis	Status	TS	-0.974988256032339	1.41355272073488	63	60	0.493014939875518	0.990691935691339
PWYG_321_mycolatebiosynthesis	Sex	M	1.28856936758725	1.43397662529989	63	60	0.372458569274917	0.990691935691339
PYRIDNUCSAL_PWY_NADsalvagepathwayI	Status	TS	-1.72416960038549	3.0755187141925	63	55	0.577150280278334	0.990691935691339
PYRIDNUCSAL_PWY_NADsalvagepathwayI	Sex	M	0.758220708353812	3.11995575554594	63	55	0.808816565043492	0.990691935691339
PYRIDNUCSYN_PWY_NADbiosynthesisI_fromaspartate_	Status	TS	2.33739793448334	3.56678695944367	63	63	0.514764561821915	0.990691935691339
PYRIDNUCSYN_PWY_NADbiosynthesisI_fromaspartate_	Sex	M	-0.359854097536085	3.61832215540405	63	63	0.92110990743129	0.990691935691339
PYRIDOXSYN_PWY_pyridoxal5__phosphatebiosynthesisI	Status	TS	-1.71930528908505	2.1146326770602	63	57	0.41940314642127	0.990691935691339
PYRIDOXSYN_PWY_pyridoxal5__phosphatebiosynthesisI	Sex	M	-1.02539891412782	2.14518622865598	63	57	0.634387226707587	0.990691935691339
REDCITCYC_TCAcycleVIII_helicobacter_	Status	TS	0.0377125170082675	0.142064266991923	63	13	0.791564352455335	0.990691935691339
REDCITCYC_TCAcycleVIII_helicobacter_	Sex	M	-0.186986635531833	0.144116901455838	63	13	0.199437733594444	0.990691935691339
RHAMCAT_PWY_L_rhamnosedegradationI	Status	TS	1.15672442060391	1.34473804289812	63	63	0.39311084040318	0.990691935691339
RHAMCAT_PWY_L_rhamnosedegradationI	Sex	M	-1.64031906028195	1.36416766943431	63	63	0.233920053491014	0.990691935691339
RIBOSYN2_PWY_flavinbiosynthesisI_bacteriaandplants_	Status	TS	3.19625920296451	4.98421310426225	63	63	0.523785137595874	0.990691935691339
RIBOSYN2_PWY_flavinbiosynthesisI_bacteriaandplants_	Sex	M	-2.34123668942708	5.05622817047088	63	63	0.645010729352562	0.990691935691339
RUMP_PWY_formaldehydeoxidationI	Status	TS	2.33462565144583	1.19634299395622	63	51	0.0556743072791185	0.990691935691339
RUMP_PWY_formaldehydeoxidationI	Sex	M	-0.611758947991892	1.21362851488315	63	51	0.616055185371223	0.990691935691339
SALVADEHYPOX_PWY_adenosinenucleotidesdegradationII	Status	TS	3.44341776911586	2.61507645324894	63	63	0.192927831531779	0.990691935691339
SALVADEHYPOX_PWY_adenosinenucleotidesdegradationII	Sex	M	1.2128360347253	2.65286073333125	63	63	0.649192426269011	0.990691935691339
SER_GLYSYN_PWY_superpathwayofL_serineandglycinebiosynthesisI	Status	TS	-0.732505512223732	4.47883863702061	63	63	0.870636564091782	0.990691935691339
SER_GLYSYN_PWY_superpathwayofL_serineandglycinebiosynthesisI	Sex	M	4.34108202147116	4.54355173299698	63	63	0.343190022926488	0.990691935691339
SO4ASSIM_PWY_sulfatereductionI_assimilatory_	Status	TS	1.37068703767734	1.15860439075257	63	45	0.241455860679891	0.990691935691339
SULFATE_CYS_PWY_superpathwayofsulfateassimilationandcysteinebiosynthesis	Status	TS	2.26983209515104	1.96373932113635	63	45	0.252315348827931	0.990691935691339
SULFATE_CYS_PWY_superpathwayofsulfateassimilationandcysteinebiosynthesis	Sex	M	-0.201622008970088	1.99211267000203	63	45	0.91972110601907	0.990691935691339
TCA_GLYOX_BYPASS_superpathwayofglyoxylatebypassandTCA	Status	TS	0.211774480011045	0.333259932002945	63	19	0.527542520298308	0.990691935691339
TCA_GLYOX_BYPASS_superpathwayofglyoxylatebypassandTCA	Sex	M	-0.123778274962978	0.338075082472204	63	19	0.715558449681309	0.990691935691339
TCA_TCAcycleI_prokaryotic_	Status	TS	-0.723319466475405	1.09823444189044	63	61	0.512659203557019	0.990691935691339
TCA_TCAcycleI_prokaryotic_	Sex	M	-1.17014241313977	1.11410242834906	63	61	0.29779199470031	0.990691935691339
TEICHOICACID_PWY_teichoicacid_poly_glycerol_biosynthesis	Status	TS	1.73130175007167	1.69721760493263	63	63	0.31178499524432	0.990691935691339
TEICHOICACID_PWY_teichoicacid_poly_glycerol_biosynthesis	Sex	M	-0.763010319435541	1.72174007931984	63	63	0.659242142122068	0.990691935691339
THISYN_PWY_superpathwayofthiamindiphosphatebiosynthesisI	Status	TS	-1.49644510254573	2.73132431446686	63	63	0.585805091607254	0.990691935691339
THISYN_PWY_superpathwayofthiamindiphosphatebiosynthesisI	Sex	M	-0.332243828993202	2.77078821723927	63	63	0.904955453745201	0.990691935691339
THISYNARA_PWY_superpathwayofthiamindiphosphatebiosynthesisIII_eukaryotes_	Status	TS	-3.52503197380513	2.85742538802814	63	63	0.222148197512704	0.990691935691339
THISYNARA_PWY_superpathwayofthiamindiphosphatebiosynthesisIII_eukaryotes_	Sex	M	3.05629921290078	2.89871127894021	63	63	0.295943309043842	0.990691935691339
THRESYN_PWY_superpathwayofL_threoninebiosynthesis	Status	TS	-2.36731838694934	2.95681002797224	63	63	0.426503352230337	0.990691935691339
THRESYN_PWY_superpathwayofL_threoninebiosynthesis	Sex	M	3.48144058910119	2.99953189107811	63	63	0.250376908135366	0.990691935691339
TRNA_CHARGING_PWY_tRNAcharging	Sex	M	-3.41926546644288	5.09236990128666	63	63	0.504511709026536	0.990691935691339
TRPSYN_PWY_L_tryptophanbiosynthesis	Status	TS	13.0533253457743	6.49418892326712	63	63	0.048933650888093	0.990691935691339
TRPSYN_PWY_L_tryptophanbiosynthesis	Sex	M	-2.07482535167727	6.58802107600564	63	63	0.753900582333206	0.990691935691339
UDPNAGSYN_PWY_UDP_N_acetyl_D_glucosaminebiosynthesisI	Status	TS	-4.63839531790705	3.58766263383447	63	63	0.201011005984931	0.990691935691339
UDPNAGSYN_PWY_UDP_N_acetyl_D_glucosaminebiosynthesisI	Sex	M	-1.92883017169788	3.63949945475388	63	63	0.598087663195696	0.990691935691339
VALSYN_PWY_L_valinebiosynthesis	Status	TS	-1.88628137697327	4.91812997963791	63	63	0.702677839508826	0.990691935691339
VALSYN_PWY_L_valinebiosynthesis	Sex	M	-0.956701034331655	4.98919023502776	63	63	0.848581778024572	0.990691935691339
FERMENTATION_PWY_mixedacidfermentation	Sex	M	0.106931905286312	1.90579916186675	63	62	0.955441645924343	0.991159090631795
KETOGLUCONMET_PWY_ketogluconatemetabolism	Status	TS	-0.0200386882498037	0.400068572908305	63	15	0.960218527966519	0.993610136331898
PWY_6507_4_deoxy_L_threo_hex_4_enopyranuronatedegradation	Status	TS	0.0402908367292988	0.999757766213407	63	62	0.967987279653872	0.993610136331898
PWY_6737_starchdegradationV	Status	TS	0.281195980503209	6.80623079053917	63	63	0.967182353714095	0.993610136331898
PWY_7003_glyceroldegradationtobutanol	Sex	M	-0.0480668164434672	1.11848734262989	63	48	0.965864286737064	0.993610136331898
PWY0_1298_superpathwayofpyrimidinedeoxyribonucleosidesdegradation	Sex	M	-0.0395791164260177	0.875755807995621	63	53	0.964102569018728	0.993610136331898
SO4ASSIM_PWY_sulfatereductionI_assimilatory_	Sex	M	0.0481815111856875	1.17534464044982	63	45	0.967437171465995	0.993610136331898
TRNA_CHARGING_PWY_tRNAcharging	Status	TS	-0.200655857171202	5.01984007406451	63	63	0.968247715434538	0.993610136331898
PWY_6803_phosphatidylcholineacylediting	Sex	M	-0.00497476723409524	0.134249768264815	63	20	0.970563324054327	0.994454113569511
P461_PWY_hexitolfermentationtolactate_formate_ethanolandacetate	Sex	M	-0.0313946187187788	4.5844432005938	63	63	0.994558786705282	0.997872102655305
POLYAMSYN_PWY_superpathwayofpolyaminebiosynthesisI	Status	TS	0.0097867339726912	0.622012383655355	63	49	0.987498816794082	0.997872102655305
PWY_3781_aerobicrespirationI_cytochromec_	Status	TS	-0.0029496106412121	0.381072758453263	63	22	0.993849888864616	0.997872102655305
PWY_4041__gamma__glutamylcycle	Sex	M	-0.0265614566394463	1.88736613872831	63	63	0.98881819950345	0.997872102655305
PWY_4242_pantothenateandcoenzymeAbiosynthesisIII	Sex	M	-0.0719939161706048	5.59574313588153	63	63	0.989777516192881	0.997872102655305
PWY_5103_L_isoleucinebiosynthesisIII	Sex	M	0.0988091598344978	4.34926473084735	63	63	0.981950134582999	0.997872102655305
PWY_5304_superpathwayofsulfuroxidation_Acidianusambivalens_	Sex	M	0.0159430055456404	1.85338103197972	63	63	0.993165124269755	0.997872102655305
PWY_6151_S_adenosyl_L_methioninecycleI	Status	TS	0.173099759369771	6.37253741128465	63	63	0.978419556744895	0.997872102655305
PWY_6151_S_adenosyl_L_methioninecycleI	Sex	M	-0.161059245255348	6.46461186596602	63	63	0.980206248461984	0.997872102655305
PWY_6386_UDP_N_acetylmuramoyl_pentapeptidebiosynthesisII_lysine_containing_	Sex	M	0.0394552118226265	6.11757828725759	63	63	0.994875489734418	0.997872102655305
PWY_6531_mannitolcycle	Status	TS	0.00418045598294558	0.567224412419132	63	43	0.994144077386363	0.997872102655305
PWY_7115_C4photosyntheticcarbonassimilationcycle_NAD_MEtype	Sex	M	-0.0423222734499575	1.67329297207243	63	61	0.979905346942123	0.997872102655305
PWY_7208_superpathwayofpyrimidinenucleobasessalvage	Status	TS	-0.0515108489990022	2.52559522887283	63	63	0.983795526159996	0.997872102655305
PWY_7371_1_4_dihydroxy_6_naphthoatebiosynthesisII	Status	TS	-0.0144608488494899	0.540861299310387	63	35	0.97875846672441	0.997872102655305
PWY_561_superpathwayofglyoxylatecycleandfattyaciddegradation	Sex	M	0.000898091556978566	0.242119599021251	63	9	0.997052727852139	0.99850759013792
PWY66_400_glycolysisVI_metazoan_	Sex	M	0.00853792325951302	4.54563397060553	63	63	0.99850759013792	0.99850759013792
